StockCode,Description,total_purchases,manual_return_prob,model_return_prob,difference
C2,CARRIAGE,133,0.631578947368421,0.6694868997368028,0.03790795236838174
21927,BLUE/CREAM STRIPE CUSHION COVER ,99,0.5151515151515151,0.07837232176390756,-0.43677919338760757
47422,ASSORTED MONKEY SUCTION CUP HOOK,55,0.509090909090909,0.24013707743382245,-0.2689538316570866
23064,CINDERELLA CHANDELIER ,22,0.5,0.7133701376451537,0.21337013764515367
84816,DANISH ROSE BEDSIDE CABINET,10,0.5,0.48532874823057476,-0.014671251769425242
21686,MEDINA STAMPED METAL STOOL,18,0.4444444444444444,0.3394616375971147,-0.10498280684732975
46138B,BLUE CHENILLE SHAGGY CUSHION COVER ,12,0.4166666666666667,0.4552412888611236,0.0385746221944569
84631,FRUIT TREE AND BIRDS WALL PLAQUE,10,0.4,0.13705407697900943,-0.2629459230209906
21925,UNION STRIPE CUSHION COVER ,66,0.3939393939393939,0.027983894953075295,-0.36595549898631863
85159B,"WHITE TEA,COFFEE,SUGAR JARS",59,0.3389830508474576,0.140666224217523,-0.1983168266299346
22198,LARGE POPCORN HOLDER ,53,0.32075471698113206,0.6718236100668834,0.35106889308575134
84352,SILVER CHRISTMAS TREE BAUBLE STAND ,22,0.3181818181818182,0.4858044850332003,0.1676226668513821
M,Manual,290,0.3103448275862069,0.4840271854398493,0.1736823578536424
22893,MINI CAKE STAND T-LIGHT HOLDER,66,0.30303030303030304,0.20374531936853385,-0.09928498366176919
85232B,SET OF 3 BABUSHKA STACKING TINS,10,0.3,0.5358484780705823,0.23584847807058235
90201B,BLACK ENAMEL FLOWER RING,10,0.3,0.20078918011663266,-0.09921081988336733
22041,"RECORD FRAME 7"" SINGLE SIZE ",199,0.2814070351758794,0.2375703469045416,-0.0438366882713378
79160,HEART SHAPE WIRELESS DOORBELL,54,0.2777777777777778,0.43075338847030037,0.15297561069252258
23462,ROCOCO WALL MIRROR WHITE,44,0.2727272727272727,0.6276578024410887,0.354930529713816
84949,SILVER HANGING T-LIGHT HOLDER,254,0.27165354330708663,0.7477988147431017,0.4761452714360151
37449,CERAMIC CAKE STAND + HANGING CAKES,153,0.2679738562091503,0.6645984547516861,0.3966245985425358
22719,GUMBALL MONOCHROME COAT RACK,34,0.2647058823529412,0.3377576001864894,0.07305171783354825
21463,MIRRORED DISCO BALL ,131,0.2595419847328244,0.3572141889400962,0.0976722042072718
23111,PARISIENNE SEWING BOX,125,0.256,0.6318548897878822,0.3758548897878822
22698,PINK REGENCY TEACUP AND SAUCER,584,0.2551369863013699,0.3350847288494355,0.07994774254806564
21258,VICTORIAN SEWING BOX LARGE,106,0.25471698113207547,0.6064203382914529,0.35170335715937745
22423,REGENCY CAKESTAND 3 TIER,1724,0.2517401392111369,0.32389541944776695,0.07215528023663004
90147,CHUNKY SILVER NECKLACE PASTEL FLOWE,12,0.25,0.3736506112614739,0.12365061126147392
22106,MIRROR MOSAIC HURRICANE LAMP ,12,0.25,0.7295674645905216,0.4795674645905216
21781,MA CAMPAGNE CUTLERY BOX,82,0.24390243902439024,0.512455360157869,0.26855292113347873
37450,CERAMIC CAKE BOWL + HANGING CAKES,103,0.24271844660194175,0.4963420625166001,0.2536236159146584
21314,SMALL GLASS HEART TRINKET POT,346,0.23699421965317918,0.14149686251212445,-0.09549735714105473
22655,VINTAGE RED KITCHEN CABINET,38,0.23684210526315788,0.657323941521836,0.4204818362586782
84665,SQUARE CHERRY BLOSSOM CABINET,17,0.23529411764705882,0.21630721926817037,-0.01898689837888845
71477,COLOUR GLASS. STAR T-LIGHT HOLDER,268,0.23134328358208955,0.6188502203866322,0.3875069368045426
35004B,SET OF 3 BLACK FLYING DUCKS,48,0.22916666666666666,0.6692849614431582,0.44011829477649156
23071,MARIE ANTOIENETT TRINKET BOX GOLD,22,0.22727272727272727,0.6582023745249227,0.4309296472521954
21630,FLOOR CUSHION ELEPHANT CARNIVAL,22,0.22727272727272727,0.660979857877834,0.4337071306051067
82483,WOOD 2 DRAWER CABINET WHITE FINISH,521,0.22648752399232247,0.15007516549871563,-0.07641235849360684
POST,POSTAGE,1099,0.22383985441310283,0.5904505043173172,0.3666106499042143
22461,SAVOY ART DECO CLOCK,45,0.2222222222222222,0.2437588086433405,0.021536586421118303
22207,FRYING PAN UNION FLAG,114,0.21929824561403508,0.7374089638042033,0.5181107181901682
75049L,LARGE CIRCULAR MIRROR MOBILE,124,0.21774193548387097,0.7074765438099074,0.48973460832603644
79191C,RETRO PLASTIC ELEPHANT TRAY,65,0.2153846153846154,0.49838080348852853,0.28299618810391314
23168,CLASSIC SUGAR DISPENSER,223,0.21524663677130046,0.636490683573705,0.4212440468024045
22797,CHEST OF DRAWERS GINGHAM HEART ,79,0.21518987341772153,0.8154315969045195,0.6002417234867979
84251B,"GREETING CARD, STICKY GORDON",14,0.21428571428571427,0.01931493320531386,-0.19497078108040042
84625C,BLUE NEW BAROQUE CANDLESTICK CANDLE,28,0.21428571428571427,0.6086557864275062,0.39437007214179187
22057,CERAMIC PLATE STRAWBERRY DESIGN,56,0.21428571428571427,0.05132429854080948,-0.1629614157449048
84766,SILVER ROCOCO CANDLE STICK,14,0.21428571428571427,0.2487904321199615,0.03450471783424722
22796,PHOTO FRAME 3 CLASSIC HANGING,215,0.21395348837209302,0.6852115505822786,0.4712580622101855
20829,GLITTER HANGING BUTTERFLY STRING,169,0.21301775147928995,0.4869099167507225,0.27389216527143256
22891,TEA FOR ONE POLKADOT,108,0.21296296296296297,0.3492377537681443,0.13627479080518135
23155,KNICKERBOCKERGLORY MAGNET ASSORTED ,113,0.21238938053097345,0.3049745477359771,0.09258516720500365
85114B,IVORY ENCHANTED FOREST PLACEMAT,52,0.21153846153846154,0.5414306151706914,0.3298921536322298
35004C,SET OF 3 COLOURED  FLYING DUCKS,38,0.21052631578947367,0.49027040907953373,0.27974409329006006
22456,NATURAL SLATE CHALKBOARD LARGE ,306,0.20915032679738563,0.6793530706526439,0.4702027438552583
22169,FAMILY ALBUM WHITE PICTURE FRAME,287,0.20905923344947736,0.40770298598392385,0.1986437525344465
22179,SET 10 LIGHTS NIGHT OWL,182,0.2087912087912088,0.11303765489675639,-0.0957535538944524
23110,PARISIENNE KEY CABINET ,221,0.2081447963800905,0.36328131323298823,0.15513651685289773
21658,GLASS  BEURRE DISH,130,0.2076923076923077,0.7249692038667626,0.5172768961744548
21232,STRAWBERRY CERAMIC TRINKET BOX,593,0.20741989881956155,0.8204371441169955,0.613017245297434
21843,RED RETROSPOT CAKE STAND,423,0.20567375886524822,0.5703244409142391,0.36465068204899087
22699,ROSES REGENCY TEACUP AND SAUCER ,801,0.2034956304619226,0.3350847288494355,0.13158909838751293
22798,ANTIQUE GLASS DRESSING TABLE POT,189,0.20105820105820105,0.5862805903691615,0.3852223893109604
23485,BOTANICAL GARDENS WALL CLOCK ,80,0.2,0.5840359087079724,0.3840359087079724
22486,PLASMATRONIC LAMP,10,0.2,0.3264859597390054,0.1264859597390054
22105,MIRROR MOSAIC GOBLET CANDLE HOLDER,10,0.2,0.7065167970762231,0.506516797076223
21730,GLASS STAR FROSTED T-LIGHT HOLDER,120,0.2,0.5661199076936557,0.3661199076936557
90199C,5 STRAND GLASS NECKLACE CRYSTAL,10,0.2,0.22324855895347714,0.023248558953477133
84687,BEACH HUT SHELF W 3 DRAWERS,20,0.2,0.5245776692918458,0.3245776692918458
22656,VINTAGE BLUE KITCHEN CABINET,20,0.2,0.5859576632696729,0.3859576632696729
84985A,SET OF 72 GREEN PAPER DOILIES,20,0.2,0.006604861053465118,-0.1933951389465349
85159A,"BLACK TEA,COFFEE,SUGAR JARS",45,0.2,0.5899349119465448,0.3899349119465448
23169,CLASSIC GLASS SWEET JAR,265,0.2,0.5049473606213526,0.3049473606213526
22760,"TRAY, BREAKFAST IN BED",66,0.19696969696969696,0.5516184176848501,0.35464872071515313
23056,FLOWERS CHANDELIER T-LIGHT HOLDER,41,0.1951219512195122,0.49269678034337566,0.29757482912386346
21935,SUKI  SHOULDER BAG,205,0.1951219512195122,0.33451326520371144,0.13939131398419924
22697,GREEN REGENCY TEACUP AND SAUCER,719,0.19193324061196107,0.3574143589716926,0.16548111835973153
22064,PINK DOUGHNUT TRINKET POT ,173,0.1907514450867052,0.6586757825747912,0.46792433748808604
21539,RED RETROSPOT BUTTER DISH,215,0.19069767441860466,0.583199091044817,0.3925014166262124
21417,COCKLE SHELL DISH,32,0.1875,0.6168128652071124,0.4293128652071124
21735,TWO DOOR CURIO CABINET,82,0.18292682926829268,0.5408830617149993,0.35795623244670666
22892,SET OF SALT AND PEPPER TOADSTOOLS,197,0.18274111675126903,0.054499929426176784,-0.12824118732509224
22467,GUMBALL COAT RACK,586,0.1825938566552901,0.2268330538023512,0.04423919714706109
22236,CAKE STAND 3 TIER MAGIC GARDEN,88,0.18181818181818182,0.6342586008566331,0.4524404190384513
35924,HANGING FAIRY CAKE DECORATION,33,0.18181818181818182,0.8742942036830199,0.692476021864838
22197,SMALL POPCORN HOLDER,1068,0.17883895131086142,0.5521567155347284,0.37331776422386703
22778,GLASS CLOCHE SMALL,113,0.17699115044247787,0.7513198614443679,0.57432871100189
22960,JAM MAKING SET WITH JARS,888,0.1768018018018018,0.50124353690758,0.3244417351057781
22494,EMERGENCY FIRST AID TIN ,119,0.17647058823529413,0.7824981332384885,0.6060275450031943
23015,CORDIAL GLASS JUG,17,0.17647058823529413,0.07421945179902731,-0.10225113643626682
22103,MIRROR MOSAIC T-LIGHT HOLDER ROUND,17,0.17647058823529413,0.35617613754384503,0.1797055493085509
22067,CHOC TRUFFLE GOLD TRINKET POT ,51,0.17647058823529413,0.6530463136327334,0.4765757253974392
23148,MINIATURE ANTIQUE ROSE HOOK IVORY,244,0.1762295081967213,0.15239324849677466,-0.023836259699946655
37448,CERAMIC CAKE DESIGN SPOTTED MUG,161,0.17391304347826086,0.2505756932736552,0.07666264979539433
22360,GLASS JAR ENGLISH CONFECTIONERY,150,0.17333333333333334,0.5862805903691615,0.41294725703582813
22767,TRIPLE PHOTO FRAME CORNICE ,208,0.17307692307692307,0.6091731237207209,0.4360962006437978
71279,PINK GLASS CANDLEHOLDER,29,0.1724137931034483,0.36333056724213386,0.19091677413868557
84508A,CAMOUFLAGE DESIGN TEDDY,35,0.17142857142857143,0.6635596847383799,0.49213111330980847
79190B,RETRO PLASTIC POLKA TRAY,35,0.17142857142857143,0.29920930116922373,0.1277807297406523
22676,FRENCH BLUE METAL DOOR SIGN 1,140,0.17142857142857143,0.8184709177425523,0.6470423463139809
22981,PANTRY APPLE CORER,76,0.17105263157894737,0.802881974004039,0.6318293424250917
23174,REGENCY SUGAR BOWL GREEN,269,0.17100371747211895,0.6363241338397769,0.465320416367658
23146,TRIPLE HOOK ANTIQUE IVORY ROSE,217,0.17050691244239632,0.22804149782068456,0.05753458537828823
79321,CHILLI LIGHTS,524,0.16984732824427481,0.18057855703450515,0.010731228790230335
22654,DELUXE SEWING KIT ,224,0.16964285714285715,0.3079910464680978,0.13834818932524062
22061,LARGE CAKE STAND  HANGING STRAWBERY,130,0.16923076923076924,0.6091731237207209,0.4399423544899516
23165,LARGE CERAMIC TOP STORAGE JAR,225,0.1688888888888889,0.604177948374174,0.4352890594852852
21845,DAIRY MAID STRIPE MUG,83,0.1686746987951807,0.6101072781887874,0.4414325793936067
23406,HOME SWEET HOME KEY HOLDER,95,0.16842105263157894,0.16572394743692906,-0.0026971051946498847
22890,NOVELTY BISCUITS CAKE STAND 3 TIER,149,0.16778523489932887,0.6128697492485792,0.44508451434925034
22781,GUMBALL MAGAZINE RACK,161,0.16770186335403728,0.30303358065472796,0.13533171730069068
22649,STRAWBERRY FAIRY CAKE TEAPOT,167,0.16766467065868262,0.645049519041753,0.4773848483830704
23243,SET OF TEA COFFEE SUGAR TINS PANTRY,389,0.16709511568123395,0.5971148834886628,0.4300197678074289
22847,BREAD BIN DINER STYLE IVORY,342,0.16666666666666666,0.6135782879409278,0.4469116212742612
22628,PICNIC BOXES SET OF 3 RETROSPOT ,120,0.16666666666666666,0.7260726772822101,0.5594060106155435
47594B,SCOTTIES DESIGN WASHBAG,30,0.16666666666666666,0.032486737746986044,-0.1341799289196806
21320,GLASS CHALICE GREEN  LARGE ,12,0.16666666666666666,0.8125802042086441,0.6459135375419774
21426,WOODLAND STORAGE BOX SMALL,18,0.16666666666666666,0.5663599216336265,0.39969325496695984
22180,RETROSPOT LAMP,132,0.16666666666666666,0.6563141140316593,0.48964744736499266
21672,WHITE SPOT RED CERAMIC DRAWER KNOB,315,0.16507936507936508,0.7933249720059066,0.6282456069265415
85066,CREAM SWEETHEART MINI CHEST,455,0.16483516483516483,0.5670917467200796,0.40225658188491475
21155,RED RETROSPOT PEG BAG,361,0.1634349030470914,0.27053327298396146,0.10709836993687005
23112,PARISIENNE CURIO CABINET,184,0.16304347826086957,0.27606495442213846,0.1130214761612689
22060,LARGE CAKE STAND HANGING HEARTS,37,0.16216216216216217,0.443611143123883,0.28144898096172083
22364,GLASS JAR DIGESTIVE BISCUITS,99,0.16161616161616163,0.4319821989554096,0.270366037339248
21313,GLASS HEART T-LIGHT HOLDER ,131,0.16030534351145037,0.4358956097827137,0.2755902662712633
84978,HANGING HEART JAR T-LIGHT HOLDER,581,0.16006884681583478,0.6582098891648106,0.4981410423489758
23057,GEMSTONE CHANDELIER T-LIGHT HOLDER,44,0.1590909090909091,0.622499597595461,0.46340868850455197
22212,FOUR HOOK  WHITE LOVEBIRDS,264,0.1590909090909091,0.3233855611870898,0.1642946520961807
21231,SWEETHEART CERAMIC TRINKET BOX,386,0.15803108808290156,0.8516352476518166,0.6936041595689151
23567,EGG CUP HENRIETTA HEN PINK,19,0.15789473684210525,0.06109818857960011,-0.09679654826250514
23250,VINTAGE RED TRIM ENAMEL BOWL ,89,0.15730337078651685,0.04688062150613702,-0.11042274928037983
23031,DRAWER KNOB CRACKLE GLAZE PINK,140,0.15714285714285714,0.5974679518729444,0.4403250947300873
21530,DAIRY MAID TOASTRACK,84,0.15476190476190477,0.6101072781887874,0.45534537342688264
22634,CHILDS BREAKFAST SET SPACEBOY ,208,0.15384615384615385,0.6617121983820045,0.5078660445358506
23055,IVORY CHANDELIER T-LIGHT HOLDER,39,0.15384615384615385,0.6303671770227083,0.4765210231765544
84507C,BLUE CIRCLES DESIGN MONKEY DOLL,26,0.15384615384615385,0.1058031920639284,-0.04804296178222546
22929,SCHOOL DESK AND CHAIR ,13,0.15384615384615385,0.5092862987627075,0.3554401449165536
22788,BROCANTE COAT RACK,46,0.15217391304347827,0.6679108697987772,0.515736956755299
21527,RED RETROSPOT TRADITIONAL TEAPOT ,138,0.15217391304347827,0.30235532630051043,0.15018141325703216
22167, OVAL WALL MIRROR DIAMANTE ,60,0.15,0.6185142947954387,0.4685142947954387
22424,ENAMEL BREAD BIN CREAM,328,0.14939024390243902,0.6152177749652343,0.4658275310627953
22171,3 HOOK PHOTO SHELF ANTIQUE WHITE,308,0.14935064935064934,0.43102812033271304,0.2816774709820637
46000M,POLYESTER FILLER PAD 45x45cm,134,0.14925373134328357,0.5974679518729444,0.44821422052966087
22220,CAKE STAND LOVEBIRD 2 TIER WHITE,75,0.14666666666666667,0.40770298598392385,0.2610363193172572
79066K,RETRO MOD TRAY,110,0.14545454545454545,0.31141497755727954,0.1659604321027341
22784,LANTERN CREAM GAZEBO ,269,0.1449814126394052,0.5971232185198259,0.45214180588042063
22846,BREAD BIN DINER STYLE RED ,249,0.14457831325301204,0.6428823412501125,0.4983040279971004
82486,WOOD S/3 CABINET ANT WHITE FINISH,569,0.14411247803163443,0.6597937004421102,0.5156812224104758
84927A,WAKE UP COCKEREL TILE HOOK,14,0.14285714285714285,0.05117027341019185,-0.09168686944695101
84968A,SET OF 16 VINTAGE ROSE CUTLERY,49,0.14285714285714285,0.600153743918981,0.45729660106183817
22848,BREAD BIN DINER STYLE PINK,112,0.14285714285714285,0.6290286289730895,0.4861714861159467
23487,SWEET HEART CAKE CARRIER,42,0.14285714285714285,0.6519714434651426,0.5091143006079997
23574,PACKING CHARGE,14,0.14285714285714285,0.3752613436895074,0.23240420083236457
37495,FAIRY CAKE BIRTHDAY CANDLE SET,84,0.14285714285714285,0.6859458063968278,0.543088663539685
23092,LARGE ANTIQUE WHITE PHOTO FRAME,126,0.14285714285714285,0.30657673256762175,0.1637195897104789
22487,WHITE WOOD GARDEN PLANT LADDER,380,0.14210526315789473,0.6621640145760755,0.5200587514181808
22729,ALARM CLOCK BAKELIKE ORANGE,367,0.14168937329700274,0.7396167515859329,0.5979273782889302
84078A,SET/4 WHITE RETRO STORAGE CUBES ,106,0.14150943396226415,0.536924268918723,0.3954148349564589
82001S,VINYL RECORD FRAME SILVER,106,0.14150943396226415,0.7132965698113729,0.5717871358491088
23113,PANTRY CHOPPING BOARD,43,0.13953488372093023,0.7256421034276123,0.586107219706682
23180,MUM'S KITCHEN CLOCK,36,0.1388888888888889,0.47824395539978165,0.33935506651089276
21381,MINI WOODEN HAPPY BIRTHDAY GARLAND,144,0.1388888888888889,0.36388023371071027,0.22499134482182137
22727,ALARM CLOCK BAKELIKE RED ,899,0.13793103448275862,0.7732847917791883,0.6353537572964296
22962,JAM JAR WITH PINK LID,247,0.13765182186234817,0.5187206259918781,0.3810688041295299
23075,DOUBLE CERAMIC PARLOUR HOOK,80,0.1375,0.07839059136726578,-0.05910940863273423
21464,DISCO BALL ROTATOR BATTERY OPERATED,102,0.13725490196078433,0.42478244899045536,0.28752754702967104
22842,BISCUIT TIN VINTAGE RED,146,0.136986301369863,0.2438902172351594,0.1069039158652964
21363,HOME SMALL WOOD LETTERS,95,0.1368421052631579,0.09763191811383107,-0.039210187149326836
23072,MARIE ANTOINETTE TRINKET BOX SILVER,22,0.13636363636363635,0.749054495088065,0.6126908587244286
21071,VINTAGE BILLBOARD DRINK ME MUG,110,0.13636363636363635,0.6033296094961376,0.4669659731325012
84659A,WHITE TRAVEL ALARM CLOCK,22,0.13636363636363635,0.06972479207329581,-0.06663884429034055
21067,VINTAGE RED TEATIME MUG,44,0.13636363636363635,0.025920172576325468,-0.11044346378731089
21424,WOODLAND STORAGE BOX LARGE ,22,0.13636363636363635,0.5442556408327524,0.407892004469116
22720,SET OF 3 CAKE TINS PANTRY DESIGN ,1159,0.1363244176013805,0.5233842657756382,0.38705984817425776
22768,FAMILY PHOTO FRAME CORNICE,235,0.13617021276595745,0.6272821067450577,0.49111189397910027
23395,BELLE JARDINIERE CUSHION COVER,185,0.13513513513513514,0.057177774173331565,-0.07795736096180358
85048,15CM CHRISTMAS GLASS BALL 20 LIGHTS,216,0.13425925925925927,0.30576018646120995,0.17150092720195068
21669,BLUE STRIPE CERAMIC DRAWER KNOB,366,0.13387978142076504,0.7933249720059066,0.6594451905851415
22355,CHARLOTTE BAG SUKI DESIGN,599,0.1335559265442404,0.2979887300651114,0.164432803520871
23458,DOLLY CABINET 3 DRAWERS ,30,0.13333333333333333,0.5500996945928144,0.4167663612594811
72807A,SET/3 ROSE CANDLE IN JEWELLED BOX,68,0.1323529411764706,0.6422617056743797,0.5099087644979091
22182,CAKE STAND VICTORIAN FILIGREE SMALL,38,0.13157894736842105,0.5166983439761162,0.38511939660769523
37447,CERAMIC CAKE DESIGN SPOTTED PLATE,76,0.13157894736842105,0.3236478496641866,0.19206890229576554
22059,CERAMIC STRAWBERRY DESIGN MUG,153,0.13071895424836602,0.8107735369957642,0.6800545827473982
22666,RECIPE BOX PANTRY YELLOW DESIGN,843,0.13048635824436536,0.5484937753629375,0.41800741711857214
22659,LUNCH BOX I LOVE LONDON,529,0.1285444234404537,0.5386906174371607,0.41014619399670704
22726,ALARM CLOCK BAKELIKE GREEN,808,0.12747524752475248,0.7977320428600578,0.6702567953353054
22776,SWEETHEART CAKESTAND 3 TIER,451,0.12638580931263857,0.6964106161575138,0.5700248068448752
22227,HANGING HEART MIRROR DECORATION ,182,0.12637362637362637,0.18947239655374762,0.06309877018012125
21452,TOADSTOOL MONEY BOX,135,0.1259259259259259,0.31252420029841105,0.18659827437248513
22156,HEART DECORATION WITH PEARLS ,159,0.12578616352201258,0.23724027891469104,0.11145411539267847
22503,CABIN BAG VINTAGE PAISLEY,16,0.125,0.7057146539177678,0.5807146539177678
22838,3 TIER CAKE TIN RED AND CREAM,136,0.125,0.5350191677924273,0.4100191677924273
22166,WALL MIRROR RECTANGLE DIAMANTE PINK,16,0.125,0.23619801033121013,0.11119801033121013
23661,MILK MAIDS MUG ,24,0.125,0.07643606233263113,-0.04856393766736887
20794,BLUE  TILE HOOK,16,0.125,0.28811058604093776,0.16311058604093776
84452,METAL RABBIT LADDER EASTER ,16,0.125,0.05036592050666955,-0.07463407949333045
23118,PARISIENNE JEWELLERY DRAWER ,225,0.12444444444444444,0.3534699903438007,0.22902554589935628
21871,SAVE THE PLANET MUG,275,0.12363636363636364,0.8331070656075089,0.7094707019711453
21528,DAIRY MAID TRADITIONAL TEAPOT ,89,0.12359550561797752,0.22100813508194336,0.09741262946396584
23089,GLASS BON BON JAR,138,0.12318840579710146,0.6629817828708322,0.5397933770737308
72802A,ROSE SCENT CANDLE IN JEWELLED BOX,57,0.12280701754385964,0.5205565943723612,0.3977495768285016
22826,LOVE SEAT ANTIQUE WHITE METAL,41,0.12195121951219512,0.23829078620238586,0.11633956669019074
22107,PIZZA PLATE IN BOX,74,0.12162162162162163,0.43142669872175193,0.3098050771001303
79163,BLACK CHAMPAGNE GLASS,33,0.12121212121212122,0.35935608506342276,0.23814396385130154
22801,ANTIQUE GLASS PEDESTAL BOWL,165,0.12121212121212122,0.7494999887975987,0.6282878675854775
20914,SET/5 RED RETROSPOT LID GLASS BOWLS,784,0.1211734693877551,0.5582883748059912,0.43711490541823617
22774,RED DRAWER KNOB ACRYLIC EDWARDIAN,100,0.12,0.5530702674879913,0.43307026748799127
23470,CARD HOLDER LOVE BIRD LARGE ,75,0.12,0.18152077019370771,0.06152077019370772
23163,REGENCY SUGAR TONGS,134,0.11940298507462686,0.42962820438209676,0.3102252193074699
21318,GLASS CHALICE BLUE SMALL ,42,0.11904761904761904,0.6480476340081529,0.5290000149605338
22777,GLASS BELL JAR LARGE,42,0.11904761904761904,0.44348052203550625,0.3244329029878872
22840,ROUND CAKE TIN VINTAGE RED,253,0.11857707509881422,0.11881237106379973,0.00023529596498550465
22990,COTTON APRON PANTRY DESIGN,144,0.11805555555555555,0.6516867252438939,0.5336311696883383
23404,HOME SWEET HOME BLACKBOARD,136,0.11764705882352941,0.5904289733087018,0.47278191448517237
22183,CAKE STAND VICTORIAN FILIGREE MED,17,0.11764705882352941,0.28149390361744775,0.16384684479391834
85099B,JUMBO BAG RED RETROSPOT,1618,0.11681087762669963,0.6053844239706961,0.4885735463439965
22363,GLASS JAR MARMALADE ,60,0.11666666666666667,0.5484937753629375,0.43182710869627083
22109,FULL ENGLISH BREAKFAST PLATE,163,0.1165644171779141,0.7701604235356956,0.6535960063577815
21264,WHITE GOOSE FEATHER TREE 60CM ,43,0.11627906976744186,0.033377723163682954,-0.0829013466037589
23182,TOILET SIGN OCCUPIED OR VACANT,267,0.11610486891385768,0.504241737322001,0.38813686840814327
22973,CHILDREN'S CIRCUS PARADE MUG,112,0.11607142857142858,0.6249065090547928,0.5088350804833642
23249,VINTAGE RED ENAMEL TRIM PLATE,69,0.11594202898550725,0.6556994182889172,0.53975738930341
21673,WHITE SPOT BLUE CERAMIC DRAWER KNOB,285,0.11578947368421053,0.7978746391723901,0.6820851654881795
23032,DRAWER KNOB CRACKLE GLAZE IVORY,190,0.11578947368421053,0.6301965075202077,0.5144070338359972
22827,RUSTIC  SEVENTEEN DRAWER SIDEBOARD,26,0.11538461538461539,0.5426016422944474,0.427217026909832
47594A,CAROUSEL DESIGN WASHBAG,26,0.11538461538461539,0.07262377983123401,-0.04276083555338138
20725,LUNCH BAG RED RETROSPOT,1317,0.11465451784358391,0.5086303903633689,0.39397587251978494
22667,RECIPE BOX RETROSPOT ,454,0.1145374449339207,0.36616898056637553,0.25163153563245483
21534,DAIRY MAID LARGE MILK JUG,131,0.11450381679389313,0.6516867252438939,0.5371829084500008
22301,COFFEE MUG CAT + BIRD DESIGN,185,0.11351351351351352,0.2035864983740314,0.09007298486051787
22244,3 HOOK HANGER MAGIC GARDEN,97,0.1134020618556701,0.6447365569601282,0.5313344951044581
22701,PINK DOG BOWL,53,0.11320754716981132,0.40332185395363174,0.29011430678382044
22843,BISCUIT TIN VINTAGE GREEN,115,0.11304347826086956,0.24661355495938647,0.1335700766985169
15039,SANDALWOOD FAN,71,0.11267605633802817,0.5619353170194056,0.4492592606813774
22063,CERAMIC BOWL WITH STRAWBERRY DESIGN,89,0.11235955056179775,0.5540674315907216,0.44170788102892383
22978,PANTRY ROLLING PIN,198,0.1111111111111111,0.7755032231520758,0.6643921120409646
22242,5 HOOK HANGER MAGIC TOADSTOOL,27,0.1111111111111111,0.7031449726726676,0.5920338615615566
20979,36 PENCILS TUBE RED RETROSPOT,234,0.1111111111111111,0.660926643897699,0.5498155327865879
21359,RELAX LARGE WOOD LETTERS,27,0.1111111111111111,0.34565341688167517,0.23454230577056406
22102,MIRROR MOSAIC T-LIGHT HOLDER ,18,0.1111111111111111,0.6737253745946462,0.5626142634835352
23245,SET OF 3 REGENCY CAKE TINS,727,0.11004126547455295,0.5600782110967631,0.4500369456222102
84818,DANISH ROSE PHOTO FRAME,100,0.11,0.8054480329105859,0.6954480329105859
23175,REGENCY MILK JUG PINK ,273,0.10989010989010989,0.6033503071818012,0.49346019729169127
22472,TV DINNER TRAY DOLLY GIRL,82,0.10975609756097561,0.5737430727647844,0.4639869752038088
23080,RED METAL BOX TOP SECRET,228,0.10964912280701754,0.3553925948176176,0.24574347201060004
22728,ALARM CLOCK BAKELIKE PINK,621,0.10950080515297907,0.7977320428600578,0.6882312377070787
23170,REGENCY TEA PLATE ROSES ,329,0.1094224924012158,0.513828899244684,0.4044064068434682
20772,GARDEN PATH JOURNAL,46,0.10869565217391304,0.2579523395401938,0.14925668736628078
22356,CHARLOTTE BAG PINK POLKADOT,497,0.10865191146881288,0.5786904842071717,0.47003857273835886
21531,RED RETROSPOT SUGAR JAM BOWL,212,0.10849056603773585,0.3047564708318741,0.19626590479413827
21670,BLUE SPOT CERAMIC DRAWER KNOB,296,0.10810810810810811,0.7827396860215471,0.674631577913439
22231,JIGSAW TREE WITH BIRDHOUSE,111,0.10810810810810811,0.3358314872667266,0.2277233791586185
21430,SET/3 RED GINGHAM ROSE STORAGE BOX,324,0.10802469135802469,0.6805497699078328,0.572525078549808
22664,TOY TIDY DOLLY GIRL DESIGN,102,0.10784313725490197,0.4936897957330601,0.38584665847815813
84817,DANISH ROSE DECORATIVE PLATE,56,0.10714285714285714,0.8236025840988499,0.7164597269559928
23172,REGENCY TEA PLATE PINK,224,0.10714285714285714,0.6304229084445718,0.5232800513017147
72351B,SET/6 PINK  BUTTERFLY T-LIGHTS,159,0.1069182389937107,0.24676298408498407,0.13984474509127337
22071,SMALL WHITE RETROSPOT MUG IN BOX ,75,0.10666666666666667,0.254148777981205,0.1474821113145383
22780,LIGHT GARLAND BUTTERFILES PINK,132,0.10606060606060606,0.6279636566823203,0.5219030506217143
23237,SET OF 4 KNICK KNACK TINS LEAVES ,170,0.10588235294117647,0.08143292283863833,-0.02444943010253814
82581,TOILET METAL SIGN,303,0.10561056105610561,0.12985646754240165,0.024245906486296043
22178,VICTORIAN GLASS HANGING T-LIGHT,825,0.10545454545454545,0.8862203165932098,0.7807657711386643
22791,T-LIGHT GLASS FLUTED ANTIQUE,266,0.10526315789473684,0.7905490315639434,0.6852858736692066
51008,AFGHAN SLIPPER SOCK PAIR,19,0.10526315789473684,0.20562592670980095,0.10036276881506412
23459,DOLLY CABINET 2 DRAWERS ,19,0.10526315789473684,0.3653892326139697,0.2601260747192329
85116,BLACK CANDELABRA T-LIGHT HOLDER,38,0.10526315789473684,0.3844277408702716,0.27916458297553476
22168,ORGANISER WOOD ANTIQUE WHITE ,76,0.10526315789473684,0.36752172753876483,0.262258569644028
85123A,WHITE HANGING HEART T-LIGHT HOLDER,2035,0.10417690417690417,0.2932318128936403,0.18905490871673614
21257,VICTORIAN SEWING BOX MEDIUM,154,0.1038961038961039,0.34658961305548275,0.24269350915937885
22636,CHILDS BREAKFAST SET CIRCUS PARADE,183,0.10382513661202186,0.4341789579954946,0.33035382138347275
23314,VINTAGE CHRISTMAS TABLECLOTH,106,0.10377358490566038,0.3305434675645651,0.22676988265890471
21877,HOME SWEET HOME MUG,299,0.10367892976588629,0.8110880160652845,0.7074090862993981
22762,CUPBOARD 3 DRAWER MA CAMPAGNE,87,0.10344827586206896,0.6027071011530085,0.49925882529093957
84976,RECTANGULAR SHAPED MIRROR,29,0.10344827586206896,0.5590122487936451,0.45556397293157613
22954,HEN PARTY CORDON BARRIER TAPE,29,0.10344827586206896,0.05304720179410638,-0.050401074067962584
84945,MULTI COLOUR SILVER T-LIGHT HOLDER,312,0.10256410256410256,0.6513525647871107,0.5487884622230081
23348,CHILDRENS TOY COOKING UTENSIL SET,127,0.10236220472440945,0.4681362970077537,0.3657740922833443
23197,SKETCHBOOK MAGNETIC SHOPPING LIST,186,0.10215053763440861,0.5174118579259468,0.41526132029153817
22839,3 TIER CAKE TIN GREEN AND CREAM,139,0.10071942446043165,0.5273281148543052,0.42660869039387356
23325,RUSTIC STRAWBERRY JAMPOT SMALL,30,0.1,0.34479442926644877,0.24479442926644876
23544,WALL ART MID CENTURY MODERN ,20,0.1,0.2806767918914896,0.18067679189148958
90162B,ANT SILVER LIME GREEN BOUDICCA RING,10,0.1,0.14397007494236838,0.043970074942368376
21277,FRENCH STYLE EMBOSSED HEART CABINET,20,0.1,0.5301610396094104,0.43016103960941043
84629,WHITE 3 FRAME BIRDS AND TREE ,10,0.1,0.4773394527854865,0.37733945278548653
23024,LARGE BONNE JAM JAR  T-LIGHT HOLDER,10,0.1,0.3447898586267589,0.24478985862675892
84906,PINK B'FLY C/COVER W BOBBLES,10,0.1,0.4805664617360749,0.3805664617360749
84678,CLASSICAL ROSE SMALL VASE,10,0.1,0.6764414058336314,0.5764414058336315
21911,GARDEN METAL SIGN ,20,0.1,0.06064912076977451,-0.0393508792302255
84800S,SMALL WHITE/PINK ROSE ART FLOWER,10,0.1,0.31967380041650967,0.21967380041650966
85019C,CURIOUS  IMAGES NOTEBOOK SET,10,0.1,0.103311704098816,0.0033117040988159957
84247K,"FOLK ART GREETING CARD,pack/12",10,0.1,0.02968678371482251,-0.07031321628517749
79337,BLUE FLOCK GLASS CANDLEHOLDER,10,0.1,0.11159696867714983,0.011596968677149821
22201,FRYING PAN BLUE POLKADOT,40,0.1,0.5939848291037536,0.49398482910375363
22849,BREAD BIN DINER STYLE MINT,121,0.09917355371900827,0.639198395067225,0.5400248413482167
23347,I LOVE LONDON BEAKER,71,0.09859154929577464,0.03294754322436352,-0.06564400607141113
22942,CHRISTMAS LIGHTS 10 SANTAS ,132,0.09848484848484848,0.17157323299428467,0.0730883845094362
72807C,SET/3 VANILLA SCENTED CANDLE IN BOX,112,0.09821428571428571,0.5592152382748002,0.46100095256051454
22637,PIGGY BANK RETROSPOT ,266,0.09774436090225563,0.23605521416386335,0.13831085326160772
22627,MINT KITCHEN SCALES,307,0.09771986970684039,0.4693821655190184,0.371662295812178
23263,SET OF 3 WOODEN HEART DECORATIONS,431,0.09744779582366589,0.7827068116915318,0.6852590158678659
23264,SET OF 3 WOODEN SLEIGH DECORATIONS,267,0.09737827715355805,0.6282666222698199,0.5308883451162618
22677,FRENCH BLUE METAL DOOR SIGN 2,113,0.09734513274336283,0.7920857638942459,0.694740631150883
21218,RED SPOTTY BISCUIT TIN,206,0.0970873786407767,0.7547599595694221,0.6576725809286454
23660,HENRIETTA HEN MUG ,31,0.0967741935483871,0.07643606233263113,-0.020338131215755964
84625A,PINK NEW BAROQUECANDLESTICK CANDLE,31,0.0967741935483871,0.5243535597191479,0.42757936617076076
22606,WOODEN SKITTLES GARDEN SET,135,0.0962962962962963,0.44518171361755016,0.3488854173212539
23166,MEDIUM CERAMIC TOP STORAGE JAR,198,0.09595959595959595,0.6155870605448193,0.5196274645852234
84969,BOX OF 6 ASSORTED COLOUR TEASPOONS,73,0.0958904109589041,0.6192032440851406,0.5233128331262364
22263,FELT EGG COSY LADYBIRD ,21,0.09523809523809523,0.1528606137414907,0.057622518503395476
35810B,ENAMEL BLUE RIM COFFEE CONTAINER,21,0.09523809523809523,0.7094813806271131,0.6142432853890178
21399,BLUE POLKADOT COFFEE MUG,63,0.09523809523809523,0.19639186332697425,0.10115376808887902
79164,BLACK WINE GLASS,21,0.09523809523809523,0.14890866491472016,0.053670569676624924
23494,VINTAGE DOILY DELUXE SEWING KIT ,179,0.09497206703910614,0.35336513638196104,0.2583930693428549
15060B,FAIRY CAKE DESIGN UMBRELLA,95,0.09473684210526316,0.7233709260522053,0.6286340839469422
37446,MINI CAKE STAND WITH HANGING CAKES,159,0.09433962264150944,0.8516352476518166,0.7572956250103072
15056N,EDWARDIAN PARASOL NATURAL,382,0.09424083769633508,0.45787006758109156,0.3636292298847565
72816,SET/3 CHRISTMAS DECOUPAGE CANDLES,32,0.09375,0.02704713761574134,-0.06670286238425865
22730,ALARM CLOCK BAKELIKE IVORY,477,0.09224318658280922,0.7732847917791883,0.681041605196379
71459,HANGING JAM JAR T-LIGHT HOLDER,380,0.09210526315789473,0.45461490299698826,0.3625096398390935
21259,VICTORIAN SEWING BOX SMALL ,239,0.09205020920502092,0.43265550363357713,0.3406052944285562
84279P,CHERRY BLOSSOM  DECORATIVE FLASK,98,0.09183673469387756,0.5513949401020333,0.45955820540815573
22988,SOLDIERS EGG CUP ,338,0.09171597633136094,0.8107735369957642,0.7190575606644032
22725,ALARM CLOCK BAKELIKE CHOCOLATE,328,0.09146341463414634,0.7615259911806195,0.6700625765464732
22997,TRAVEL CARD WALLET UNION JACK,186,0.0913978494623656,0.2792215961101692,0.18782374664780363
23236,DOILEY STORAGE TIN,296,0.09121621621621621,0.3367080814295839,0.2454918652133677
90201A,PURPLE ENAMEL FLOWER RING,11,0.09090909090909091,0.10565931648755214,0.014750225578461229
21056,DOCTOR'S BAG SOFT TOY,66,0.09090909090909091,0.7001597709469659,0.609250680037875
85194S,HANGING SPRING FLOWER EGG SMALL,55,0.09090909090909091,0.24487905957510922,0.1539699686660183
20932,PINK POT PLANT CANDLE,22,0.09090909090909091,0.26187217295654236,0.17096308204745145
90160A,PURPLE BOUDICCA LARGE BRACELET,11,0.09090909090909091,0.11074861913022417,0.01983952822113326
23099,FRENCH CARRIAGE LANTERN,55,0.09090909090909091,0.24350317082835696,0.15259407991926605
22770,MIRROR CORNICE,55,0.09090909090909091,0.44264200362340755,0.3517329127143166
22856,ASSORTED EASTER DECORATIONS  BELLS,22,0.09090909090909091,0.6199015026108252,0.5289924117017343
22883,NUMBER TILE VINTAGE FONT 4,11,0.09090909090909091,0.3458879585658939,0.254978867656803
22326,ROUND SNACK BOXES SET OF4 WOODLAND ,609,0.090311986863711,0.3378195642407547,0.2475075773770437
82580,BATHROOM METAL SIGN,388,0.09020618556701031,0.1462740667159873,0.056067881148977
22963,JAM JAR WITH GREEN LID,211,0.09004739336492891,0.6143089124250407,0.5242615190601118
85178,VICTORIAN SEWING KIT,100,0.09,0.6338392105661216,0.5438392105661216
84006,MAGIC TREE -PAPER FLOWERS,78,0.08974358974358974,0.01363063306127102,-0.07611295668231872
23002,TRAVEL CARD WALLET SKULLS,145,0.0896551724137931,0.23232535822174608,0.142670185807953
23199,JUMBO BAG APPLES,726,0.08953168044077135,0.5663599216336265,0.4768282411928551
82482,WOODEN PICTURE FRAME WHITE FINISH,887,0.08906426155580609,0.5159400444346238,0.4268757828788177
84946,ANTIQUE SILVER TEA GLASS ETCHED,689,0.08853410740203194,0.6959610367316192,0.6074269293295873
20681,PINK POLKADOT CHILDRENS UMBRELLA,34,0.08823529411764706,0.08178538220425947,-0.00644991191338759
23486,ANTIQUE HEART SHELF UNIT,68,0.08823529411764706,0.6237752807828101,0.535539986665163
21671,RED SPOT CERAMIC DRAWER KNOB,284,0.0880281690140845,0.8246955201451163,0.7366673511310318
21394,RED POLKADOT BEAKER ,114,0.08771929824561403,0.27347669078671377,0.18575739254109974
21503,TOYBOX  WRAP ,23,0.08695652173913043,0.17104145691061454,0.0840849351714841
22181,SNOWSTORM PHOTO FRAME FRIDGE MAGNET,46,0.08695652173913043,0.3166639726595291,0.22970745092039868
21830,ASSORTED CREEPY CRAWLIES,92,0.08695652173913043,0.23732959634606077,0.15037307460693033
23022,SMALL BONNE JAM JAR  T-LIGHT HOLDER,23,0.08695652173913043,0.8492554088817866,0.7622988871426561
22052,VINTAGE CARAVAN GIFT WRAP,23,0.08695652173913043,0.019022291905547904,-0.06793422983358252
21931,JUMBO STORAGE BAG SUKI,783,0.08684546615581099,0.5663599216336265,0.47951445547781546
22138,BAKING SET 9 PIECE RETROSPOT ,867,0.08650519031141868,0.48384868864322705,0.3973434983318084
22362,GLASS JAR PEACOCK BATH SALTS,81,0.08641975308641975,0.4285537473254639,0.34213399423904417
22429,ENAMEL MEASURING JUG CREAM,325,0.08615384615384615,0.5675429744678633,0.48138912831401715
21787,RAIN PONCHO RETROSPOT,186,0.08602150537634409,0.3785179344141528,0.2924964290378087
15056BL,EDWARDIAN PARASOL BLACK,291,0.0859106529209622,0.4155834562095966,0.32967280328863435
23173,REGENCY TEAPOT ROSES ,361,0.08587257617728532,0.6091731237207209,0.5233005475434356
82484,WOOD BLACK BOARD ANT WHITE FINISH,606,0.0858085808580858,0.27606495442213846,0.19025637356405267
85040B,SET/4 BLUE FLOWER CANDLES IN BOWL,35,0.08571428571428572,0.02727366142455333,-0.05844062428973239
23244,ROUND STORAGE TIN VINTAGE LEAF,105,0.08571428571428572,0.8676175694560351,0.7819032837417493
22380,TOY TIDY SPACEBOY  ,200,0.085,0.5990535023786412,0.5140535023786412
22501,PICNIC BASKET WICKER LARGE,259,0.08494208494208494,0.6734098540730823,0.5884677691309974
22681,FRENCH BLUE METAL DOOR SIGN 6,83,0.08433734939759036,0.7884999935455944,0.704162644148004
22101,MIRROR MOSAIC VOTIVE HOLDER,24,0.08333333333333333,0.6550620679796786,0.5717287346463452
84927E,FLOWERS TILE HOOK,12,0.08333333333333333,0.46396746444071985,0.38063413110738653
84927D,LA PALMIERA TILE HOOK,12,0.08333333333333333,0.06214953922414799,-0.02118379410918534
84660A,WHITE STITCHED WALL CLOCK,36,0.08333333333333333,0.8054480329105859,0.7221146995772525
84750B,BLACK SMALL GLASS CAKE STAND,12,0.08333333333333333,0.8116191928915875,0.7282858595582541
85023B,EAU DE NILE JEWELLED PHOTOFRAME,12,0.08333333333333333,0.2318184056206257,0.14848507228729235
22885,NUMBER TILE VINTAGE FONT 6 ,12,0.08333333333333333,0.3965202905276391,0.3131869571943058
23020,GLASS  SONGBIRD STORAGE JAR,72,0.08333333333333333,0.5181029652464374,0.4347696319131041
23073,GEORGIAN TRINKET BOX,60,0.08333333333333333,0.47673310300662564,0.3933997696732923
21279,VINTAGE KITCHEN PRINT FRUITS,12,0.08333333333333333,0.09884621166660408,0.015512878333270752
37327,ASSTD MULTICOLOUR CIRCLES MUG,48,0.08333333333333333,0.2392266728959633,0.15589333956262996
21319,GLASS CHALICE GREEN  SMALL ,12,0.08333333333333333,0.6932445197721262,0.6099111864387928
90201C,RED ENAMEL FLOWER RING,12,0.08333333333333333,0.18780675960224671,0.10447342626891339
90209C,PINK ENAMEL+GLASS HAIR COMB,12,0.08333333333333333,0.47569106786653637,0.39235773453320305
22968,ROSE COTTAGE KEEPSAKE BOX ,145,0.08275862068965517,0.6519817508141839,0.5692231301245287
22371,AIRLINE BAG VINTAGE TOKYO 78,254,0.08267716535433071,0.6429395501540419,0.5602623847997112
22900, SET 2 TEA TOWELS I LOVE LONDON ,388,0.08247422680412371,0.35906873371435377,0.2765945069102301
22191,IVORY DINER WALL CLOCK,401,0.08229426433915212,0.41353738749758917,0.33124312315843707
22303,COFFEE MUG APPLES DESIGN,231,0.08225108225108226,0.2144696686230735,0.13221858637199124
22232,JIGSAW TOADSTOOLS 3 PIECE,61,0.08196721311475409,0.5466881320578615,0.4647209189431074
22700,BLACK AND WHITE DOG BOWL,49,0.08163265306122448,0.5126280170060765,0.43099536394485205
71038,WHITE HANGING BEADS CANDLE HOLDER,49,0.08163265306122448,0.10436867759222068,0.0227360245309962
22972,CHILDREN'S SPACEBOY MUG,184,0.08152173913043478,0.48527409672949384,0.40375235759905903
23171,REGENCY TEA PLATE GREEN ,271,0.08118081180811808,0.513828899244684,0.4326480874365659
22625,RED KITCHEN SCALES,456,0.08114035087719298,0.40770298598392385,0.3265626351067309
22442,GROW YOUR OWN FLOWERS SET OF 3,74,0.08108108108108109,0.1419742477688094,0.06089316668772832
22646,CERAMIC STRAWBERRY CAKE MONEY BANK,284,0.08098591549295775,0.8197070548315033,0.7387211393385456
20711,JUMBO BAG TOYS ,247,0.08097165991902834,0.5663599216336265,0.48538826171459815
22327,ROUND SNACK BOXES SET OF 4 SKULLS,173,0.08092485549132948,0.31252420029841105,0.23159934480708155
21844,RED RETROSPOT MUG,136,0.08088235294117647,0.3362501506186234,0.25536779767744694
22357,KINGS CHOICE BISCUIT TIN,87,0.08045977011494253,0.5153123218960103,0.43485255178106774
22464,HANGING METAL HEART LANTERN,286,0.08041958041958042,0.6301965075202077,0.5497769271006273
21429,RED GINGHAM ROSE JEWELLERY BOX,224,0.08035714285714286,0.5386906174371607,0.4583334745800179
84663A,GRASS HOPPER WOODEN WALL CLOCK ,25,0.08,0.3534999610087372,0.2734999610087372
85230G,ORANGE VOTIVE CANDLE,25,0.08,0.00974630923232848,-0.07025369076767152
72802B,OCEAN SCENT CANDLE IN JEWELLED BOX,75,0.08,0.5792407993523575,0.4992407993523575
21427,SKULLS STORAGE BOX SMALL,25,0.08,0.053233524935812564,-0.026766475064187438
21936,RED RETROSPOT PICNIC BAG,388,0.07989690721649484,0.4963420625166001,0.4164451553001053
21626,VINTAGE UNION JACK PENNANT,76,0.07894736842105263,0.04829405881872357,-0.03065330960232906
22924,FRIDGE MAGNETS LA VIE EN ROSE,76,0.07894736842105263,0.4830251222890816,0.404077753868029
16258A,SWIRLY CIRCULAR RUBBERS IN BAG,38,0.07894736842105263,0.39358616250314,0.3146387940820874
21137,BLACK RECORD COVER FRAME,317,0.07886435331230283,0.5891208376484182,0.5102564843361154
15058A,BLUE POLKADOT GARDEN PARASOL,51,0.0784313725490196,0.35578639192744826,0.27735501937842866
11001,ASSTD DESIGN RACING CAR PEN,64,0.078125,0.5694018605003975,0.49127686050039754
21535,RED RETROSPOT SMALL MILK JUG,320,0.078125,0.21997289711162515,0.14184789711162515
37342,POLKADOT COFFEE CUP & SAUCER PINK,64,0.078125,0.13704265199924495,0.05891765199924495
22976,CIRCUS PARADE CHILDRENS EGG CUP ,116,0.07758620689655173,0.8380101923388739,0.7604239854423221
15034,PAPER POCKET TRAVELING FAN ,91,0.07692307692307693,0.01275325558593204,-0.06416982133714488
23193,BUFFALO BILL TREASURE BOOK BOX,143,0.07692307692307693,0.5126280170060765,0.4357049400829996
22947,WOODEN ADVENT CALENDAR RED,104,0.07692307692307693,0.5314338680382339,0.45451079111515696
22042,CHRISTMAS CARD SINGING ANGEL,26,0.07692307692307693,0.01196338330694939,-0.06495969361612754
22946,WOODEN ADVENT CALENDAR CREAM,91,0.07692307692307693,0.579487324278951,0.502564247355874
84952B,BLACK LOVE BIRD T-LIGHT HOLDER,13,0.07692307692307693,0.35182735743952137,0.27490428051644444
21197,MULTICOLOUR  CONFETTI IN TUBE,13,0.07692307692307693,0.6729839133253004,0.5960608364022235
84247E,PACK/12 XMAS FUN CARD,26,0.07692307692307693,0.004424556417178077,-0.07249852050589885
23006,TRAVEL CARD WALLET FLOWER MEADOW,131,0.07633587786259542,0.21994055721991765,0.14360467935732224
22332,SKULLS PARTY BAG + STICKER SET,131,0.07633587786259542,0.6440130984889417,0.5676772206263463
21395,BLUE POLKADOT BEAKER ,79,0.0759493670886076,0.023461736313447185,-0.052487630775160415
22502,PICNIC BASKET WICKER SMALL,239,0.07531380753138076,0.575698829662686,0.5003850221313053
22441,GROW YOUR OWN BASIL IN ENAMEL MUG,173,0.07514450867052024,0.11604904260969007,0.04090453393916983
23079,TOADSTOOL BEDSIDE LIGHT ,107,0.07476635514018691,0.2864754076731121,0.21170905253292516
20724,RED RETROSPOT CHARLOTTE BAG,751,0.07456724367509987,0.5521567155347284,0.4775894718596286
21471,STRAWBERRY RAFFIA FOOD COVER,94,0.07446808510638298,0.41875568000435875,0.3442875948979758
22763,KEY CABINET MA CAMPAGNE,94,0.07446808510638298,0.5582043537733203,0.48373626866693736
21622,VINTAGE UNION JACK CUSHION COVER,94,0.07446808510638298,0.579183955963379,0.5047158708569961
22072,RED RETROSPOT TEA CUP AND SAUCER ,148,0.07432432432432433,0.5891208376484182,0.5147965133240938
23085,ANTIQUE SILVER BAUBLE LAMP  ,81,0.07407407407407407,0.7600601632605459,0.6859860891864719
23427,STOOL HOME SWEET HOME ,108,0.07407407407407407,0.536832910783295,0.4627588367092209
23238,SET OF 4 KNICK KNACK TINS LONDON ,244,0.07377049180327869,0.07646780792048408,0.0026973161172053894
23239,SET OF 4 KNICK KNACK TINS POPPIES,163,0.0736196319018405,0.7379167492396762,0.6642971173378357
22333,RETROSPOT PARTY BAG + STICKER SET,272,0.07352941176470588,0.6556994182889172,0.5821700065242114
21033,JUMBO BAG CHARLIE AND LOLA TOYS,109,0.07339449541284404,0.37105169006385375,0.2976571946510097
21326,AGED GLASS SILVER T-LIGHT HOLDER,287,0.07317073170731707,0.10734806900105955,0.03417733729374248
72803A,ROSE SCENT CANDLE JEWELLED DRAWER,41,0.07317073170731707,0.4318479009877238,0.3586771692804067
15056P,EDWARDIAN PARASOL PINK,137,0.072992700729927,0.4296857539443887,0.35669305321446165
21731,RED TOADSTOOL LED NIGHT LIGHT,535,0.07289719626168224,0.546188962519944,0.47329176625826175
23029,DRAWER KNOB CRACKLE GLAZE GREEN,138,0.07246376811594203,0.604177948374174,0.531714180258232
22320,BIRDS MOBILE VINTAGE DESIGN,69,0.07246376811594203,0.16874563150631267,0.09628186339037063
22832,BROCANTE SHELF WITH HOOKS,69,0.07246376811594203,0.7171270995180234,0.6446633314020814
85099F,JUMBO BAG STRAWBERRY,664,0.07228915662650602,0.5663599216336265,0.49407076500712044
79000,MOROCCAN TEA GLASS,97,0.07216494845360824,0.2634210634623265,0.19125611500871828
22805,BLUE DRAWER KNOB ACRYLIC EDWARDIAN,125,0.072,0.02843559163749231,-0.04356440836250769
21340,CLASSIC METAL BIRDCAGE PLANT HOLDER,264,0.07196969696969698,0.6031931831345448,0.5312234861648478
21166,COOK WITH WINE METAL SIGN ,613,0.07177814029363784,0.6053844239706961,0.5336062836770583
23568,EGG CUP HENRIETTA HEN CREAM ,28,0.07142857142857142,0.7697628238318509,0.6983342524032795
85104,SILVER GLASS T-LIGHT SET,14,0.07142857142857142,0.1094990776082118,0.038070506179640376
84461,12 PINK HEN+CHICKS IN BASKET,14,0.07142857142857142,0.02302526857004488,-0.048403302858526544
85036C,ROSE 1 WICK MORRIS BOXED CANDLE,84,0.07142857142857142,0.19435570237197433,0.1229271309434029
85141,JARDIN ETCHED GLASS FRUITBOWL,42,0.07142857142857142,0.27938287809384793,0.2079543066652765
21633,SUNFLOWER DECORATIVE PARASOL,14,0.07142857142857142,0.5318087682550655,0.4603801968264941
20705,MRS ROBOT SOFT TOY,28,0.07142857142857142,0.5762553879059082,0.5048268164773368
21317,GLASS SPHERE CANDLE STAND MEDIUM,28,0.07142857142857142,0.10436867759222068,0.03294010616364926
22945,CHRISTMAS METAL TAGS ASSORTED ,140,0.07142857142857142,0.3516399319898118,0.2802113605612404
85099C,JUMBO  BAG BAROQUE BLACK WHITE,659,0.07132018209408195,0.6053844239706961,0.5340642418766142
51014C,"FEATHER PEN,COAL BLACK",113,0.07079646017699115,0.2552618918430551,0.18446543166606394
21704,BAG 250g SWIRLY MARBLES,198,0.0707070707070707,0.34265833212689367,0.27195126141982295
23235,STORAGE TIN VINTAGE LEAF,99,0.0707070707070707,0.8255336317425221,0.7548265610354514
23108,SET OF 10 LED DOLLY LIGHTS,354,0.07062146892655367,0.24179488374538716,0.17117341481883347
23252,VINTAGE RED ENAMEL TRIM JUG ,128,0.0703125,0.08297987099688958,0.012667370996889582
21209,MULTICOLOUR HONEYCOMB FAN,57,0.07017543859649122,0.24301537789311028,0.17283993929661906
22095,LADS ONLY TISSUE BOX,114,0.07017543859649122,0.09452010459929257,0.024344666002801343
21876,POTTERING MUG,200,0.07,0.8557528012718032,0.7857528012718031
23091,ZINC HERB GARDEN CONTAINER,200,0.07,0.13289850349806204,0.06289850349806203
21812,GARLAND WITH HEARTS AND BELLS,43,0.06976744186046512,0.5226254896348768,0.45285804777441163
22070,SMALL RED RETROSPOT MUG IN BOX ,86,0.06976744186046512,0.7513198614443679,0.6815524195839028
21194,PINK  HONEYCOMB PAPER FAN,43,0.06976744186046512,0.6240583514229054,0.5542909095624403
23460,SWEETHEART WALL TIDY ,43,0.06976744186046512,0.6434245269143604,0.5736570850538952
20719,WOODLAND CHARLOTTE BAG,546,0.0695970695970696,0.49157473777871824,0.4219776681816486
85053,FRENCH ENAMEL CANDLEHOLDER,246,0.06910569105691057,0.4807362718384719,0.41163058078156134
21537,RED RETROSPOT PUDDING BOWL,58,0.06896551724137931,0.5078616987055503,0.438896181464171
21647,ASSORTED TUTTI FRUTTI LARGE PURSE,29,0.06896551724137931,0.04320925622762306,-0.02575626101375625
21208,PASTEL COLOUR HONEYCOMB FAN,58,0.06896551724137931,0.1715528026575404,0.10258728541616108
22665,RECIPE BOX BLUE SKETCHBOOK DESIGN,232,0.06896551724137931,0.5257751890101912,0.4568096717688118
22162,HEART GARLAND RUSTIC PADDED,29,0.06896551724137931,0.7090875512361037,0.6401220339947243
22278,OVERNIGHT BAG VINTAGE ROSE PAISLEY,87,0.06896551724137931,0.13145969348102496,0.06249417623964565
85124B,BLUE JUICY FRUIT PHOTO FRAME,29,0.06896551724137931,0.012078104978330007,-0.0568874122630493
22300,COFFEE MUG DOG + BALL DESIGN,146,0.0684931506849315,0.2035864983740314,0.1350933476890999
85040A,S/4 PINK FLOWER CANDLES IN BOWL,132,0.06818181818181818,0.25707848818686246,0.1888966700050443
23251,VINTAGE RED ENAMEL TRIM MUG ,103,0.06796116504854369,0.6606765905422526,0.5927154254937089
20727,LUNCH BAG  BLACK SKULL.,1105,0.06787330316742081,0.5828666883015144,0.5149933851340937
21238,RED RETROSPOT CUP,280,0.06785714285714285,0.6048773621996099,0.537020219342467
23194,GYMKHANNA TREASURE BOOK BOX,177,0.06779661016949153,0.28934675857898984,0.22155014840949833
22325,MOBILE VINTAGE HEARTS ,59,0.06779661016949153,0.583199091044817,0.5154024808753255
17003,BROCADE RING PURSE ,209,0.06698564593301436,0.2754224879716719,0.20843684203865753
90058B,CRYSTAL STUD EARRINGS ASSORTED COL ,15,0.06666666666666667,0.027407052638802092,-0.03925961402786457
84279B,CHERRY BLOSSOM DECORATIVE FLASK,60,0.06666666666666667,0.04929303813228511,-0.017373628534381555
22270,HAPPY EASTER HANGING DECORATION,45,0.06666666666666667,0.08598954353346486,0.01932287686679819
51020B,STRIPY DESIGN SHOWER CAP,15,0.06666666666666667,0.04038459538610705,-0.026282071280559614
22352,LUNCH BOX WITH CUTLERY RETROSPOT ,331,0.06646525679758308,0.5155371131091029,0.4490718563115198
21874,GIN AND TONIC MUG,196,0.0663265306122449,0.8496870133273674,0.7833604827151225
23240,SET OF 4 KNICK KNACK TINS DOILEY ,498,0.06626506024096386,0.08954599850757343,0.02328093826660957
47566B,TEA TIME PARTY BUNTING,317,0.06624605678233439,0.5600782110967631,0.49383215431442873
21929,JUMBO BAG PINK VINTAGE PAISLEY,606,0.066006600660066,0.47569106786653637,0.40968446720647034
21873,IF YOU CAN'T STAND THE HEAT MUG,91,0.06593406593406594,0.7827396860215471,0.7168056200874812
22328,ROUND SNACK BOXES SET OF 4 FRUITS ,471,0.06581740976645435,0.31768725418477695,0.2518698444183226
22923,FRIDGE MAGNETS LES ENFANTS ASSORTED,76,0.06578947368421052,0.3847066985151085,0.318917224830898
22684,FRENCH BLUE METAL DOOR SIGN 9,61,0.06557377049180328,0.051820536314451354,-0.013753234177351928
20726,LUNCH BAG WOODLAND,842,0.06532066508313539,0.3916787328878585,0.3263580678047231
23167,SMALL CERAMIC TOP STORAGE JAR ,184,0.06521739130434782,0.25580374111341786,0.19058634980907002
21447,12 IVORY ROSE PEG PLACE SETTINGS,92,0.06521739130434782,0.05937385195046477,-0.0058435393538830566
22386,JUMBO BAG PINK POLKADOT,890,0.0651685393258427,0.6793964306915543,0.6142278913657117
21703,BAG 125g SWIRLY MARBLES,247,0.06477732793522267,0.3062690152037088,0.24149168726848613
23198,PANTRY MAGNETIC  SHOPPING LIST,386,0.06476683937823834,0.23031799738587938,0.16555115800764103
71053,WHITE METAL LANTERN,263,0.06463878326996197,0.7511520545868838,0.6865132713169219
82494L,WOODEN FRAME ANTIQUE WHITE ,820,0.06463414634146342,0.2526865330381288,0.1880523866966654
22307,GOLD MUG BONE CHINA TREE OF LIFE,62,0.06451612903225806,0.6832023606677897,0.6186862316355317
23565,EGG CUP MILKMAID HELGA ,31,0.06451612903225806,0.05038928350645916,-0.014126845525798903
22204,MILK PAN BLUE POLKADOT,31,0.06451612903225806,0.5053229685384029,0.4408068395061448
23201,JUMBO BAG ALPHABET,761,0.06438896189224705,0.5401533576135579,0.4757643957213108
20723,STRAWBERRY CHARLOTTE BAG,500,0.064,0.3785179344141528,0.3145179344141528
21240,BLUE POLKADOT CUP,219,0.0639269406392694,0.531494086823145,0.4675671461838756
22591,CARDHOLDER GINGHAM CHRISTMAS TREE,63,0.06349206349206349,0.3071076516292127,0.24361558813714923
22845,VINTAGE CREAM CAT FOOD CONTAINER,237,0.06329113924050633,0.23375096573154933,0.170459826491043
21906,PHARMACIE FIRST AID TIN,95,0.06315789473684211,0.11821295182368002,0.055055057086837916
22863,SOAP DISH BROCANTE,95,0.06315789473684211,0.36616898056637553,0.3030110858295334
20679,EDWARDIAN PARASOL RED,271,0.06273062730627306,0.3702546264539389,0.30752399914766587
85160B,BLACK BIRD GARDEN DESIGN MUG,16,0.0625,0.2552618918430551,0.1927618918430551
22682,FRENCH BLUE METAL DOOR SIGN 7,80,0.0625,0.7777368214874925,0.7152368214874925
20803,SMALL PINK GLASS SUNDAE DISH,32,0.0625,0.24487905957510922,0.18237905957510922
35648,VINTAGE BEAD PINK PURSE ,64,0.0625,0.529504050283552,0.46700405028355196
22411,JUMBO SHOPPER VINTAGE RED PAISLEY,803,0.062266500622665005,0.45178414811282935,0.3895176474901644
22766,PHOTO FRAME CORNICE,466,0.06223175965665236,0.4285537473254639,0.3663219876688116
22974,CHILDRENS DOLLY GIRL MUG,162,0.06172839506172839,0.48527409672949384,0.42354570166776545
22859,EASTER TIN BUNNY BOUQUET,130,0.06153846153846154,0.6685748232184665,0.607036361680005
21668,RED STRIPE CERAMIC DRAWER KNOB,343,0.061224489795918366,0.7933249720059066,0.7321004822099882
22073,RED RETROSPOT STORAGE JAR,49,0.061224489795918366,0.631271653992119,0.5700471641962007
22065,CHRISTMAS PUDDING TRINKET POT ,180,0.06111111111111111,0.1487500686971515,0.08763895758604037
22911,PAPER CHAIN KIT LONDON,82,0.06097560975609756,0.3585968330600261,0.29762122330392854
22980,PANTRY SCRUBBING BRUSH,247,0.06072874493927125,0.5487104381759926,0.48798169323672136
21520,BOOZE & WOMEN GREETING CARD ,33,0.06060606060606061,0.20021702016255166,0.13961095955649105
22961,JAM MAKING SET PRINTED,875,0.060571428571428575,0.6391981592713678,0.5786267306999392
22055,MINI CAKE STAND  HANGING STRAWBERY,149,0.06040268456375839,0.8290517796470455,0.768649095083287
23184,BULL DOG BOTTLE OPENER,199,0.06030150753768844,0.4047349816775724,0.34443347413988396
23335,EGG FRYING PAN IVORY ,83,0.060240963855421686,0.55624553072643,0.49600456687100836
20682,RED RETROSPOT CHILDRENS UMBRELLA,183,0.060109289617486336,0.24840729156669722,0.18829800194921087
22950,36 DOILIES VINTAGE CHRISTMAS,167,0.059880239520958084,0.8110880160652845,0.7512077765443264
22821,GIFT BAG PSYCHEDELIC APPLES,67,0.05970149253731343,0.15298931006304906,0.09328781752573562
21868,POTTING SHED TEA MUG,235,0.059574468085106386,0.8200099830719821,0.7604355149868758
20713,JUMBO BAG OWLS,421,0.05938242280285035,0.5746267953535474,0.5152443725506971
22192,BLUE DINER WALL CLOCK,338,0.05917159763313609,0.4649412020902001,0.405769604457064
21198,WHITE HEART CONFETTI IN TUBE,51,0.058823529411764705,0.8516352476518166,0.7928117182400519
20836,FRENCH PAISLEY CUSHION COVER,17,0.058823529411764705,0.1325396734796316,0.0737161440678669
23423,PANTRY 3 HOOK ROLLING PIN HANGER,51,0.058823529411764705,0.088504264186029,0.029680734774264292
21644,ASSORTED TUTTI FRUTTI HEART BOX,34,0.058823529411764705,0.029290228044269295,-0.02953330136749541
22941,CHRISTMAS LIGHTS 10 REINDEER,255,0.058823529411764705,0.3855181168805244,0.3266945874687597
35651,VINTAGE BEAD PINK SCARF ,34,0.058823529411764705,0.5154018355872197,0.45657830617545503
21628,TRIANGULAR POUFFE VINTAGE ,17,0.058823529411764705,0.3467637228189711,0.2879401934072064
21579,LOLITA  DESIGN  COTTON TOTE BAG,34,0.058823529411764705,0.14436277132646091,0.08553924191469621
84609,TALL ROCOCO CANDLE HOLDER,17,0.058823529411764705,0.49596833796781076,0.43714480855604604
22202,MILK PAN PINK POLKADOT,17,0.058823529411764705,0.08598954353346486,0.027166014121700152
23144,ZINC T-LIGHT HOLDER STARS SMALL,238,0.058823529411764705,0.4358956097827137,0.37707208037094897
21928,JUMBO BAG SCANDINAVIAN PAISLEY,549,0.058287795992714025,0.5663599216336265,0.5080721256409124
22630,DOLLY GIRL LUNCH BOX,636,0.05817610062893082,0.48272540643359607,0.42454930580466527
22741,FUNKY DIVA PEN,155,0.05806451612903226,0.731051324847921,0.6729868087188887
23181,BULL DOG BOTTLE TOP WALL CLOCK,69,0.057971014492753624,0.3798460768816475,0.3218750623888939
21262,WHITE GOOSE FEATHER CHRISTMAS TREE ,52,0.057692307692307696,0.07058925429880177,0.01289694660649407
85132A,CHARLIE + LOLA BISCUITS TINS,52,0.057692307692307696,0.5321981675512979,0.4745058598589902
20728,LUNCH BAG CARS BLUE,989,0.057633973710819006,0.4148116827793333,0.35717770906851426
22090,PAPER BUNTING RETROSPOT,574,0.05749128919860627,0.44606791366094134,0.3885766244623351
22992,REVOLVER WOODEN RULER ,296,0.057432432432432436,0.4529627537601712,0.39553032132773874
22193,RED DINER WALL CLOCK,419,0.057279236276849645,0.4244392467930183,0.36716001051616864
23140,TRIPLE WIRE HOOK IVORY HEART,35,0.05714285714285714,0.6429395501540419,0.5857966930111848
40001,WHITE BAMBOO RIBS LAMPSHADE,35,0.05714285714285714,0.12714543817509136,0.07000258103223422
23327,HANGING CLEAR MINI BOTTLE,35,0.05714285714285714,0.1153913584627128,0.05824850131985566
23425,STORAGE TIN HOME SWEET HOME,35,0.05714285714285714,0.5894386350402941,0.532295777897437
22936,BAKING MOULD ROSE WHITE CHOCOLATE,35,0.05714285714285714,0.33693030711750377,0.2797874499746466
21559,STRAWBERRY LUNCH BOX WITH CUTLERY,438,0.05707762557077625,0.5462404067722789,0.4891627812015027
20981,12 PENCILS TALL TUBE WOODLAND,211,0.05687203791469194,0.015041627280958732,-0.04183041063373321
22922,FRIDGE MAGNETS US DINER ASSORTED,88,0.056818181818181816,0.5780165000129571,0.5211983181947754
22928,YELLOW GIANT GARDEN THERMOMETER,88,0.056818181818181816,0.19088430024919392,0.1340661184310121
22718,CARD CAT AND TREE ,106,0.05660377358490566,0.2863678119130138,0.22976403832810816
22632,HAND WARMER RED POLKA DOT,372,0.056451612903225805,0.44495564750851613,0.3885040346052903
23254,CHILDRENS CUTLERY DOLLY GIRL ,284,0.056338028169014086,0.08143292283863833,0.025094894669624244
21789,KIDS RAIN MAC PINK,71,0.056338028169014086,0.17221214832658294,0.11587412015756884
21125,SET 6 FOOTBALL CELEBRATION CANDLES,71,0.056338028169014086,0.029290228044269295,-0.02704780012474479
22622,BOX OF VINTAGE ALPHABET BLOCKS,231,0.05627705627705628,0.5650507831820204,0.5087737269049641
22956,36 FOIL HEART CAKE CASES,178,0.056179775280898875,0.36943747427926465,0.31325769899836575
21216,"SET 3 RETROSPOT TEA,COFFEE,SUGAR",250,0.056,0.6355039643573807,0.5795039643573806
22427,ENAMEL FLOWER JUG CREAM,447,0.05592841163310962,0.43287592873937847,0.37694751710626884
22943,CHRISTMAS LIGHTS 10 VINTAGE BAUBLES,161,0.055900621118012424,0.42976747491103107,0.37386685379301865
85027L,FRENCH CHATEAU LARGE PLATTER ,18,0.05555555555555555,0.06819792996829736,0.01264237441274181
22361,GLASS JAR DAISY FRESH COTTON WOOL,126,0.05555555555555555,0.3378195642407547,0.2822640086851992
20854,BLUE PATCH PURSE PINK HEART,18,0.05555555555555555,0.46396746444071985,0.4084119088851643
23410,CURIO CABINET LINEN AND LACE ,18,0.05555555555555555,0.13081375703789358,0.07525820148233803
21459,YELLOW EASTER EGG HUNT START POST,18,0.05555555555555555,0.08158383305033452,0.02602827749477897
22258,FELT FARM ANIMAL RABBIT,36,0.05555555555555555,0.5308484854667987,0.47529292991124317
51020A,SUMMER FUN DESIGN SHOWER CAP,18,0.05555555555555555,0.022915704790313844,-0.03263985076524171
23142,IVORY WIRE KITCHEN ORGANISER,36,0.05555555555555555,0.6318548897878822,0.5762993342323266
85132C,CHARLIE AND LOLA FIGURES TINS,127,0.05511811023622047,0.29495661626223796,0.23983850602601747
22635,CHILDS BREAKFAST SET DOLLY GIRL ,182,0.054945054945054944,0.5527805118999811,0.49783545695492615
22841,ROUND CAKE TIN VINTAGE GREEN,201,0.05472636815920398,0.1173897166210366,0.06266334846183262
20801,LARGE PINK GLASS SUNDAE DISH,55,0.05454545454545454,0.3572688035989161,0.30272334905346154
23048,SET OF 10 LANTERNS FAIRY LIGHT STAR,92,0.05434782608695652,0.4448110038188229,0.39046317773186634
20712,JUMBO BAG WOODLAND ANIMALS,497,0.05432595573440644,0.4681362970077537,0.41381034127334726
22927,GREEN GIANT GARDEN THERMOMETER,129,0.05426356589147287,0.41250278178975464,0.3582392158982818
23292,SPACE BOY CHILDRENS CUP,166,0.05421686746987952,0.8951157941864599,0.8408989267165804
21306,SET/4 DAISY MIRROR MAGNETS,37,0.05405405405405406,0.19720568876609273,0.14315163471203868
22844,VINTAGE CREAM DOG FOOD CONTAINER,296,0.05405405405405406,0.5620296808627393,0.5079756268086852
20931,BLUE POT PLANT CANDLE ,37,0.05405405405405406,0.31168274364386456,0.2576286895898105
22153,ANGEL DECORATION STARS ON DRESS,93,0.053763440860215055,0.20564473365892272,0.15188129279870766
23187,FRENCH STYLE STORAGE JAR BONBONS,75,0.05333333333333334,0.2345103912023923,0.18117705786905897
21201,TROPICAL  HONEYCOMB PAPER GARLAND ,75,0.05333333333333334,0.221963792190112,0.16863045885677866
23210,WHITE ROCKING HORSE HAND PAINTED,169,0.05325443786982249,0.5444008410255741,0.4911464031557516
22379,RECYCLING BAG RETROSPOT ,414,0.05314009661835749,0.5990535023786412,0.5459134057602837
22358,KINGS CHOICE TEA CADDY ,113,0.05309734513274336,0.31168274364386456,0.25858539851112117
22098,BOUDOIR SQUARE TISSUE BOX,151,0.052980132450331126,0.10423577393650697,0.05125564148617585
22241,GARLAND WOODEN HAPPY EASTER,170,0.052941176470588235,0.038280050248180264,-0.01466112622240797
23176,ABC TREASURE BOOK BOX ,189,0.05291005291005291,0.5914328709765496,0.5385228180664967
84228,HEN HOUSE W CHICK STANDING,19,0.05263157894736842,0.20466771194911595,0.15203613300174754
22779,WOODEN OWLS LIGHT GARLAND ,152,0.05263157894736842,0.5020468786944999,0.4494152997471315
22088,PAPER BUNTING COLOURED LACE,171,0.05263157894736842,0.3236326839627407,0.2710011050153723
17129F,BLUE GLASS GEMS IN BAG,19,0.05263157894736842,0.4554996274286859,0.40286804848131746
85194L,HANGING SPRING FLOWER EGG LARGE,57,0.05263157894736842,0.49877929918150254,0.4461477202341341
21289,LARGE STRIPES CHOCOLATE GIFT BAG,19,0.05263157894736842,0.06730317999433369,0.014671601046965271
23149,ANTIQUE IVORY WIRE BOWL SMALL,19,0.05263157894736842,0.24696163544705105,0.19433005649968263
23016,GLASS TWIST BON BON JAR,19,0.05263157894736842,0.1908489404640927,0.13821736151672429
22165,"DIAMANTE HEART SHAPED WALL MIRROR, ",38,0.05263157894736842,0.45833431154237847,0.40570273259501005
23178,JAM CLOCK MAGNET,57,0.05263157894736842,0.5215098374300056,0.46887825848263714
85211,S/4 GROOVY CAT MAGNETS,19,0.05263157894736842,0.6033296094961376,0.5506980305487692
21456,2 PICTURE BOOK EGGS EASTER CHICKS,19,0.05263157894736842,0.052760105013006584,0.00012852606563816538
21411,GINGHAM HEART  DOORSTOP RED,190,0.05263157894736842,0.7347859036054132,0.6821543246580448
23315,IVORY REFECTORY CLOCK,76,0.05263157894736842,0.638267940124162,0.5856363611767936
22384,LUNCH BAG PINK POLKADOT,957,0.0522466039707419,0.47855402404613234,0.42630742007539046
22915,ASSORTED BOTTLE TOP  MAGNETS ,134,0.05223880597014925,0.21834804298269478,0.16610923701254554
72817,SET OF 2 CHRISTMAS DECOUPAGE CANDLE,96,0.052083333333333336,0.16038082821512095,0.10829749488178761
22601,CHRISTMAS RETROSPOT ANGEL WOOD,154,0.05194805194805195,0.17221214832658294,0.12026409637853099
22200,FRYING PAN PINK POLKADOT,77,0.05194805194805195,0.7228429934514328,0.6708949415033808
23203,JUMBO BAG DOILEY PATTERNS,1098,0.05191256830601093,0.5437925918672626,0.49188002356125166
23081,GREEN METAL BOX ARMY SUPPLIES,116,0.05172413793103448,0.36129093714852134,0.30956679921748687
22262,FELT EGG COSY CHICKEN,97,0.05154639175257732,0.5629614112866118,0.5114150195340345
84947,ANTIQUE SILVER TEA GLASS ENGRAVED,292,0.05136986301369863,0.04519787270869139,-0.006171990305007237
22504,CABIN BAG VINTAGE RETROSPOT,39,0.05128205128205128,0.49539497126734405,0.4441129199852928
23324,RUSTIC STRAWBERRY JAMPOT LARGE ,39,0.05128205128205128,0.45245456559858377,0.4011725143165325
22909,SET OF 20 VINTAGE CHRISTMAS NAPKINS,511,0.050880626223091974,0.48258385052629277,0.4317032243032008
23408,PHOTO FRAME LINEN AND LACE SMALL,59,0.05084745762711865,0.06887008522666921,0.01802262759955056
23183,MOTHER'S KITCHEN SPOON REST ,59,0.05084745762711865,0.4904993767231235,0.4396519190960049
22261,FELT EGG COSY WHITE RABBIT ,79,0.05063291139240506,0.7427285773203784,0.6920956659279733
23191,BUNDLE OF 3 RETRO NOTE BOOKS,257,0.05058365758754864,0.4074723676655397,0.35688871007799106
22829,SWEETHEART WIRE WALL TIDY,99,0.050505050505050504,0.6265305088077375,0.576025458302687
21864,UNION JACK FLAG PASSPORT COVER ,99,0.050505050505050504,0.5401533576135579,0.4896483071085074
85127,SMALL SQUARE CUT GLASS CANDLESTICK,20,0.05,0.15042909753340505,0.10042909753340505
20934,SET/3 POT PLANT CANDLES,20,0.05,0.04129339588483515,-0.00870660411516485
22546,MINI JIGSAW PURDEY,60,0.05,0.24153301589305695,0.19153301589305693
22882,NUMBER TILE VINTAGE FONT 3,20,0.05,0.3877069771919502,0.3377069771919502
37370,RETRO COFFEE MUGS ASSORTED,120,0.05,0.6691510451522328,0.6191510451522327
21890,S/6 WOODEN SKITTLES IN COTTON BAG,180,0.05,0.10539490967115199,0.05539490967115199
20893,HANGING BAUBLE T-LIGHT HOLDER SMALL,20,0.05,0.04431766990208831,-0.005682330097911692
22991,GIRAFFE WOODEN RULER,241,0.04979253112033195,0.48272540643359607,0.43293287531326413
15044C,PURPLE PAPER PARASOL,61,0.04918032786885246,0.14356035659142208,0.09438002872256962
20956,PORCELAIN T-LIGHT HOLDERS ASSORTED,61,0.04918032786885246,0.6118931803542295,0.5627128524853771
23008,DOLLY GIRL BABY GIFT SET,122,0.04918032786885246,0.5905617628880705,0.5413814350192181
22998,TRAVEL CARD WALLET KEEP CALM,448,0.049107142857142856,0.29243056118894795,0.2433234183318051
22994,TRAVEL CARD WALLET RETROSPOT,163,0.049079754601226995,0.2490158940758687,0.1999361394746417
22925,BLUE GIANT GARDEN THERMOMETER,164,0.04878048780487805,0.22032368247333448,0.1715431946684564
72807B,SET/3 OCEAN SCENT CANDLE JEWEL BOX,82,0.04878048780487805,0.4216827864063348,0.37290229860145674
23409,PHOTO FRAME LINEN AND LACE LARGE,41,0.04878048780487805,0.23130714788892953,0.1825266600840515
21813,GARLAND WITH STARS AND BELLS,41,0.04878048780487805,0.609213412518382,0.5604329247135039
23114,VINTAGE LEAF CHOPPING BOARD  ,41,0.04878048780487805,0.6533613647902083,0.6045808769853303
22306,SILVER MUG BONE CHINA TREE OF LIFE,103,0.04854368932038835,0.6312023115153367,0.5826586221949484
22678,FRENCH BLUE METAL DOOR SIGN 3,103,0.04854368932038835,0.7920857638942459,0.7435420745738576
84929,ASSTD FRUIT+FLOWERS FRIDGE MAGNETS,62,0.04838709677419355,0.029765773572104633,-0.018621323202088914
22430,ENAMEL WATERING CAN CREAM,166,0.04819277108433735,0.5539317111392185,0.5057389400548811
22995,TRAVEL CARD WALLET SUKI,187,0.0481283422459893,0.1979689917743477,0.1498406495283584
22795,SWEETHEART RECIPE BOOK STAND,291,0.048109965635738834,0.20673979877008758,0.15862983313434875
23017,APOTHECARY MEASURING JAR,21,0.047619047619047616,0.3765007632985163,0.32888171567946867
84843,WHITE SOAP RACK WITH 2 BOTTLES,42,0.047619047619047616,0.3433033373716532,0.2956842897526056
22340,NOEL GARLAND PAINTED ZINC ,63,0.047619047619047616,0.19897854346421137,0.15135949584516376
22299,PIG KEYRING WITH LIGHT & SOUND ,42,0.047619047619047616,0.6607831728791784,0.6131641252601308
21288,STRIPEY CHOCOLATE NESTING BOXES,42,0.047619047619047616,0.3213650163024612,0.2737459686834136
20975,12 PENCILS SMALL TUBE RED RETROSPOT,315,0.047619047619047616,0.10976238593765933,0.06214333831861171
35923,CANDY HEART HANGING DECORATION,42,0.047619047619047616,0.18136540159318446,0.13374635397413684
23466,TUSCAN VILLA DOVECOTE,21,0.047619047619047616,0.24824514603099246,0.20062609841194484
21445,12 PINK ROSE PEG PLACE SETTINGS,21,0.047619047619047616,0.021250894557431132,-0.026368153061616485
21364,PEACE SMALL WOOD LETTERS,21,0.047619047619047616,0.07465424391630267,0.02703519629725505
21820,GLITTER HEART GARLAND WITH BELLS ,63,0.047619047619047616,0.4970207509805331,0.4494017033614855
85088,CANDY SPOT HAND BAG,21,0.047619047619047616,0.29495661626223796,0.24733756864319034
22381,TOY TIDY PINK POLKADOT,295,0.04745762711864407,0.5990535023786412,0.5515958752599971
22812,PACK 3 BOXES CHRISTMAS PANNETONE,127,0.047244094488188976,0.459553305857398,0.41230921136920906
47566,PARTY BUNTING,1397,0.047244094488188976,0.6355187520430967,0.5882746575549077
22556,PLASTERS IN TIN CIRCUS PARADE ,531,0.047080979284369114,0.43780240739922494,0.39072142811485583
82583,HOT BATHS METAL SIGN,404,0.04702970297029703,0.15585298838965939,0.10882328541936236
23301,GARDENERS KNEELING PAD KEEP CALM ,768,0.046875,0.3916787328878585,0.3448037328878585
47567B,TEA TIME KITCHEN APRON,128,0.046875,0.12183203301349746,0.07495703301349746
22999,TRAVEL CARD WALLET RETRO PETALS,193,0.046632124352331605,0.22795171406956452,0.18131958971723292
22382,LUNCH BAG SPACEBOY DESIGN ,1008,0.04662698412698413,0.3581982308822392,0.31157124675525505
22492,MINI PAINT SET VINTAGE ,325,0.046153846153846156,0.24051401255951715,0.194360166405671
72818,CHRISTMAS DECOUPAGE CANDLE,65,0.046153846153846156,0.05758358070307457,0.011429734549228417
22576,SWALLOW WOODEN CHRISTMAS DECORATION,130,0.046153846153846156,0.16038082821512095,0.1142269820612748
22897,OVEN MITT APPLES DESIGN,174,0.04597701149425287,0.5754616390364028,0.5294846275421499
22399,MAGNETS PACK OF 4 CHILDHOOD MEMORY,87,0.04597701149425287,0.7166316219326996,0.6706546104384468
21042,RED RETROSPOT APRON ,109,0.045871559633027525,0.07727543334371423,0.0314038737106867
23205,CHARLOTTE BAG VINTAGE ALPHABET ,349,0.045845272206303724,0.5532735505924697,0.507428278386166
35970,ZINC FOLKART SLEIGH BELLS,349,0.045845272206303724,0.5586539142223774,0.5128086420160737
22970,LONDON BUS COFFEE MUG,284,0.045774647887323945,0.2853258532605146,0.23955120537319063
21801,CHRISTMAS TREE DECORATION WITH BELL,22,0.045454545454545456,0.023635275325444047,-0.02181927012910141
84813,SET OF 4 DIAMOND NAPKIN RINGS,22,0.045454545454545456,0.6098110373419535,0.5643564918874081
23527,ANIMALS AND NATURE WALL ART,44,0.045454545454545456,0.42860949830640904,0.3831549528518636
20802,SMALL GLASS SUNDAE DISH CLEAR,44,0.045454545454545456,0.5486495206761712,0.5031949752216258
21850,BLUE  DIAMANTE PEN IN GIFT BOX,22,0.045454545454545456,0.5586839955528654,0.51322945009832
21272,SALLE DE BAIN HOOK,66,0.045454545454545456,0.7465977483769461,0.7011432029224007
23256,CHILDRENS CUTLERY SPACEBOY ,330,0.045454545454545456,0.5080381999763283,0.4625836545217828
22345,PARTY PIZZA DISH BLUE POLKADOT,44,0.045454545454545456,0.37749712378003103,0.33204257832548556
84800L,LARGE WHITE/PINK ROSE ART FLOWER,22,0.045454545454545456,0.5386906174371607,0.49323607198261527
22488,NATURAL SLATE RECTANGLE CHALKBOARD,312,0.04487179487179487,0.3916787328878585,0.3468069380160636
23403,LETTER HOLDER HOME SWEET HOME,112,0.044642857142857144,0.40160680866613485,0.3569639515232777
22396,MAGNETS PACK OF 4 RETRO PHOTO,112,0.044642857142857144,0.07426751235284225,0.029624655209985105
21705,BAG 500g SWIRLY MARBLES,112,0.044642857142857144,0.5220948421119894,0.47745198496913227
85036B,CHOCOLATE 1 WICK MORRIS BOX CANDLE,45,0.044444444444444446,0.14331109280106202,0.09886664835661757
85054,FRENCH ENAMEL POT W LID,90,0.044444444444444446,0.5153128425720127,0.47086839812756826
23012,GLASS APOTHECARY BOTTLE PERFUME,203,0.04433497536945813,0.7208227891885278,0.6764878138190697
22858,EASTER TIN KEEPSAKE,113,0.04424778761061947,0.6491731461162524,0.604925358505633
21175,GIN + TONIC DIET METAL SIGN,701,0.0442225392296719,0.2927904765942906,0.24856793736461869
22914,BLUE COAT RACK PARIS FASHION,136,0.04411764705882353,0.5474975781776544,0.503379931118831
84880,WHITE WIRE EGG HOLDER,68,0.04411764705882353,0.21788957670037895,0.1737719296415554
22374,AIRLINE BAG VINTAGE JET SET RED,159,0.0440251572327044,0.537894692125008,0.49386953489230356
72802C,VANILLA SCENT CANDLE JEWELLED BOX,91,0.04395604395604396,0.6637168344120874,0.6197607904560435
22865,HAND WARMER OWL DESIGN,594,0.04377104377104377,0.4835087507658778,0.439737706994834
21428,SET3 BOOK BOX GREEN GINGHAM FLOWER ,183,0.04371584699453552,0.47512645599804815,0.43141060900351264
21930,JUMBO STORAGE BAG SKULLS,481,0.04365904365904366,0.46141492393609224,0.4177558802770486
44234,ASSORTED CIRCULAR MOBILE,23,0.043478260869565216,0.014041004024877821,-0.029437256844687395
21942,SKULLS DESIGN FLANNEL,23,0.043478260869565216,0.03119935274568552,-0.012278908123879696
23045,PAPER LANTERN 5 POINT STAR MOON 30,23,0.043478260869565216,0.07839059136726578,0.03491233049770057
23039,T-LIGHT HOLDER SILVER HEART HANDLE,23,0.043478260869565216,0.711891271943403,0.6684130110738378
23483,HANGING  BUTTERFLY T-LIGHT HOLDER,69,0.043478260869565216,0.5462678817643837,0.5027896208948185
21181,PLEASE ONE PERSON METAL SIGN,713,0.043478260869565216,0.5437925918672626,0.5003143309976974
23123,COCKTAIL SWORDS 50 PIECES,69,0.043478260869565216,0.19773418118066463,0.15425592031109941
21038,SET/4 MODERN VINTAGE COTTON NAPKINS,23,0.043478260869565216,0.3513511193088653,0.3078728584393001
20781,GOLD EAR MUFF HEADPHONES,23,0.043478260869565216,0.3897590141218438,0.3462807532522786
23393,HOME SWEET HOME CUSHION COVER ,208,0.04326923076923077,0.06569933847392763,0.02243010770469686
84509A,SET OF 4 ENGLISH ROSE PLACEMATS,139,0.04316546762589928,0.785253782485085,0.7420883148591858
22800,ANTIQUE TALL SWIRLGLASS TRINKET POT,139,0.04316546762589928,0.7486465376306135,0.7054810700047143
23028,DRAWER KNOB CRACKLE GLAZE BLUE,116,0.04310344827586207,0.4074723676655397,0.36436891938967764
22434,BALLOON PUMP WITH 10 BALLOONS,116,0.04310344827586207,0.4292629018097945,0.38615945353393244
21577,SAVE THE PLANET COTTON TOTE BAG,116,0.04310344827586207,0.3178411165223955,0.27473766824653345
21642,ASSORTED TUTTI FRUTTI PEN,93,0.043010752688172046,0.18576706953332295,0.1427563168451509
84755,COLOUR GLASS T-LIGHT HOLDER HANGING,536,0.04291044776119403,0.13496848222325294,0.09205803446205892
23542,70'S ALPHABET WALL ART,70,0.04285714285714286,0.3768269402416132,0.3339697973844703
23225,CHERUB HEART DECORATION SILVER ,70,0.04285714285714286,0.4552412888611236,0.4123841460039807
22248,DECORATION  PINK CHICK MAGIC GARDEN,47,0.0425531914893617,0.45981502586088324,0.41726183437152153
23253,16 PIECE CUTLERY SET PANTRY DESIGN,47,0.0425531914893617,0.5832376492544378,0.5406844577650761
22971,QUEENS GUARD COFFEE MUG,235,0.0425531914893617,0.2853258532605146,0.24277266177115286
21556,CERAMIC STRAWBERRY MONEY BOX,47,0.0425531914893617,0.28811058604093776,0.24555739455157605
22383,LUNCH BAG SUKI  DESIGN ,1083,0.04247460757156048,0.41707492801035834,0.3746003204387979
23206,LUNCH BAG APPLE DESIGN,895,0.042458100558659215,0.5828666883015144,0.5404085877428553
22607,WOODEN ROUNDERS GARDEN SET ,307,0.04234527687296417,0.5582043537733203,0.5158590769003562
23297,SET 40 HEART SHAPE PETIT FOUR CASES,142,0.04225352112676056,0.7477988147431017,0.7055452936163411
23204,CHARLOTTE BAG APPLES DESIGN,427,0.04215456674473068,0.5826659960139804,0.5405114292692497
21169,YOU'RE CONFUSING ME METAL SIGN ,356,0.042134831460674156,0.5185306614791743,0.4763958300185001
21833,CAMOUFLAGE LED TORCH,120,0.041666666666666664,0.5086303903633689,0.4669637236967022
23139,SINGLE WIRE HOOK PINK HEART,24,0.041666666666666664,0.541429256991586,0.49976259032491926
22596,CHRISTMAS STAR WISH LIST CHALKBOARD,240,0.041666666666666664,0.5881611000602887,0.546494433393622
22128,PARTY CONES CANDY ASSORTED,72,0.041666666666666664,0.7905490315639434,0.7488823648972768
22629,SPACEBOY LUNCH BOX ,720,0.041666666666666664,0.5624778975843043,0.5208112309176377
23407,SET OF 2 TRAYS HOME SWEET HOME,120,0.041666666666666664,0.5747581654319365,0.5330914987652698
90200B,BLACK SWEETHEART BRACELET,24,0.041666666666666664,0.059939276321802785,0.01827260965513612
23431,NATURAL HANGING QUILTED HEARTS ,72,0.041666666666666664,0.2182015671839127,0.17653490051724605
23041,PAPER LANTERN 9 POINT SNOW STAR,48,0.041666666666666664,0.2966552492419008,0.2549885825752341
21846,PINK DIAMANTE PEN IN GIFT BOX,24,0.041666666666666664,0.2697259542002965,0.22805928753362983
22545,MINI JIGSAW BUNNIES,48,0.041666666666666664,0.20244884118139933,0.16078217451473267
21311,SET/4 BIRD MIRROR MAGNETS ,48,0.041666666666666664,0.25902073430627354,0.21735406763960688
21135,VICTORIAN  METAL POSTCARD SPRING,168,0.041666666666666664,0.26011302897966604,0.21844636231299938
22761,CHEST 7 DRAWER MA CAMPAGNE,24,0.041666666666666664,0.5985243359905204,0.5568576693238537
22979,PANTRY WASHING UP BRUSH,313,0.04153354632587859,0.6301965075202077,0.5886629611943291
22087,PAPER BUNTING WHITE LACE,265,0.04150943396226415,0.5828321898968524,0.5413227559345882
22338,STAR DECORATION PAINTED ZINC ,121,0.04132231404958678,0.23559406936818647,0.1942717553185997
22418,10 COLOUR SPACEBOY PEN,243,0.0411522633744856,0.5253342233708703,0.48418195999638475
23273,HEART T-LIGHT HOLDER WILLIE WINKIE,98,0.04081632653061224,0.3615379665270301,0.32072163999641784
20733,GOLD MINI TAPE MEASURE ,49,0.04081632653061224,0.44699297404044797,0.40617664750983573
21802,CHRISTMAS TREE HEART DECORATION,49,0.04081632653061224,0.017652827809038627,-0.023163498721573614
21915,RED  HARMONICA IN BOX ,567,0.04056437389770723,0.8303516506446834,0.7897872767469762
21244,BLUE POLKADOT PLATE ,148,0.04054054054054054,0.5363488835758068,0.4958083430352662
23094,LE GRAND TRAY CHIC SET,74,0.04054054054054054,0.38323037310800173,0.3426898325674612
22199,FRYING PAN RED RETROSPOT,99,0.04040404040404041,0.7249692038667626,0.6845651634627221
23084,RABBIT NIGHT LIGHT,842,0.040380047505938245,0.5173843661004008,0.4770043185944626
22834,HAND WARMER BABUSHKA DESIGN,299,0.04013377926421405,0.5154018355872197,0.4752680563230057
85232A,SET/3 POLKADOT STACKING TINS,25,0.04,0.5730752510540444,0.5330752510540444
85131A,BEADED PEARL HEART WHITE ON STICK,25,0.04,0.3250427664190665,0.2850427664190665
22251,BIRDHOUSE DECORATION MAGIC GARDEN,75,0.04,0.030790186225883056,-0.009209813774116945
22618,COOKING SET RETROSPOT,25,0.04,0.576007051350334,0.536007051350334
23042,PAPER LANTERN 7 POINT SNOW STAR,25,0.04,0.42492881137720356,0.3849288113772036
22825,DECORATIVE PLANT POT WITH FRIEZE,25,0.04,0.17915554393126884,0.13915554393126883
85213,MINI  ZINC GARDEN DECORATIONS ,25,0.04,0.25902073430627354,0.21902073430627353
22705,WRAP GREEN PEARS ,75,0.04,0.03808916846243479,-0.0019108315375652093
21167,WHITE SAGE INCENSE,25,0.04,0.007384405565640084,-0.032615594434359914
85135C,RED DRAGONFLY HELICOPTER,50,0.04,0.05507353539662786,0.015073535396627862
22170,PICTURE FRAME WOOD TRIPLE PORTRAIT,225,0.04,0.17731867194468737,0.13731867194468736
23023,RIDGED BONNE JAM JAR T-LIGHT HOLDER,25,0.04,0.5425248862032196,0.5025248862032196
22996,TRAVEL CARD WALLET VINTAGE TICKET,301,0.03986710963455149,0.23856888216060385,0.19870177252605237
72741,GRAND CHOCOLATECANDLE,251,0.0398406374501992,0.7903860069037651,0.750545369453566
22617,BAKING SET SPACEBOY DESIGN,427,0.03981264637002342,0.5131185455928617,0.47330589922283833
84375,SET OF 20 KIDS COOKIE CUTTERS,428,0.0397196261682243,0.48283289503503285,0.4431132688668086
85034A,3 GARDENIA MORRIS BOXED CANDLES,76,0.039473684210526314,0.103311704098816,0.06383801988828969
21714,CITRONELLA CANDLE GARDEN POT,127,0.03937007874015748,0.029348601944164904,-0.010021476795992575
85170D,SET/6 PINK BIRD T-LIGHT CANDLES,51,0.0392156862745098,0.3172942449110544,0.2780785586365446
22163,HEART STRING MEMO HOLDER HANGING,51,0.0392156862745098,0.8151290931282854,0.7759134068537756
21205,MULTICOLOUR 3D BALLS GARLAND,51,0.0392156862745098,0.0785460007783242,0.0393303145038144
21239,PINK  POLKADOT CUP,204,0.0392156862745098,0.5826659960139804,0.5434503097394706
23157,SET OF 6 NATIVITY MAGNETS ,154,0.03896103896103896,0.49390175137767933,0.45494071241664036
21564,PINK  HEART SHAPE LOVE BUCKET ,103,0.038834951456310676,0.5136828638336909,0.4748479123773802
23004,TRAVEL CARD WALLET PANTRY,129,0.03875968992248062,0.2850399982590565,0.24628030833657588
47590B,PINK HAPPY BIRTHDAY BUNTING,363,0.03856749311294766,0.19660923092221383,0.15804173780926617
21467,CHERRY CROCHET FOOD COVER,78,0.038461538461538464,0.5570219054687289,0.5185603670071904
79191B,RETRO PLASTIC POLKA TRAY,26,0.038461538461538464,0.009058732298616767,-0.029402806162921697
22939,APRON APPLE DELIGHT,104,0.038461538461538464,0.41457161972883294,0.3761100812672945
22935,BAKING MOULD ROSE MILK CHOCOLATE,52,0.038461538461538464,0.5790623579777096,0.5406008195161711
21713,CITRONELLA CANDLE FLOWERPOT,130,0.038461538461538464,0.06945209493350638,0.03099055647196791
84997A,GREEN 3 PIECE POLKADOT CUTLERY SET,234,0.038461538461538464,0.5216499504533197,0.4831884119917813
22342,HOME GARLAND PAINTED ZINC ,52,0.038461538461538464,0.623577021106736,0.5851154826451975
20936,FORKED CACTUS CANDLE,26,0.038461538461538464,0.3060872196934448,0.26762568123190633
21069,VINTAGE BILLBOARD TEA MUG,52,0.038461538461538464,0.6194925217908097,0.5810309833292713
23428,IVORY RETRO KITCHEN WALL CLOCK,26,0.038461538461538464,0.3768269402416132,0.3383654017800747
23202,JUMBO BAG VINTAGE LEAF,782,0.03836317135549872,0.4681362970077537,0.429773125652255
85175,CACTI T-LIGHT CANDLES,131,0.03816793893129771,0.1872369488958089,0.1490690099645112
22563,HAPPY STENCIL CRAFT,262,0.03816793893129771,0.6123801638895472,0.5742122249582495
23328,SET 6 SCHOOL MILK BOTTLES IN CRATE,289,0.03806228373702422,0.4291118934794053,0.3910496097423811
22583,PACK OF 6 HANDBAG GIFT BOXES,79,0.0379746835443038,0.07338978556003509,0.03541510201573129
23209,LUNCH BAG DOILEY PATTERN ,1029,0.037900874635568516,0.6719821662751524,0.6340812916395839
22967,SET 3 SONG BIRD PAPER EGGS ASSORTED,132,0.03787878787878788,0.3367080814295839,0.298829293550796
22926,IVORY GIANT GARDEN THERMOMETER,186,0.03763440860215054,0.5341846082149107,0.4965501996127601
22568,FELTCRAFT CUSHION OWL,426,0.03755868544600939,0.7418805323828436,0.7043218469368342
22683,FRENCH BLUE METAL DOOR SIGN 8,80,0.0375,0.7935380477130729,0.7560380477130729
85059,FRENCH ENAMEL WATER BASIN,80,0.0375,0.2387863151608741,0.20128631516087409
21749,LARGE RED RETROSPOT WINDMILL,107,0.037383177570093455,0.5966085079250683,0.5592253303549748
51014L,"FEATHER PEN,LIGHT PINK",107,0.037383177570093455,0.3110407080192075,0.27365753044911406
22507,MEMO BOARD RETROSPOT  DESIGN,348,0.03735632183908046,0.5372266389134841,0.49987031707440366
22367,CHILDRENS APRON SPACEBOY DESIGN,457,0.037199124726477024,0.36991541328307553,0.3327162885565985
84931B,BLUE SCOTTIE DOG W FLOWER PATTERN,27,0.037037037037037035,0.07912829831245569,0.04209126127541865
22443,GROW YOUR OWN HERBS SET OF 3,81,0.037037037037037035,0.0325472201278839,-0.004489816909153135
23288,GREEN VINTAGE SPOT BEAKER,135,0.037037037037037035,0.5226431158304613,0.48560607879342427
22598,CHRISTMAS MUSICAL ZINC TREE,54,0.037037037037037035,0.07655794432829006,0.03952090729125303
22233,JIGSAW RABBIT AND BIRDHOUSE,81,0.037037037037037035,0.5155785774717427,0.4785415404347057
20856,DENIM PATCH PURSE PINK BUTTERFLY,27,0.037037037037037035,0.028657418300933785,-0.00837961873610325
22465,HANGING METAL STAR LANTERN,163,0.03680981595092025,0.5558649616109123,0.519055145659992
22470,HEART OF WICKER LARGE,819,0.03663003663003663,0.4058375248300274,0.3692074881999908
22969,HOMEMADE JAM SCENTED CANDLES,519,0.036608863198458574,0.5481415492277424,0.5115326860292838
23433,HANGING QUILTED PATCHWORK APPLES,82,0.036585365853658534,0.27128872513308566,0.23470335927942712
23294,SET OF 6 SNACK LOAF BAKING CASES,302,0.03642384105960265,0.2387965349189315,0.20237269385932885
84535B,FAIRY CAKES NOTEBOOK A6 SIZE,110,0.03636363636363636,0.11986734399639128,0.08350370763275491
22952,60 CAKE CASES VINTAGE CHRISTMAS,496,0.036290322580645164,0.2667858327742202,0.23049551019357503
84792,ENCHANTED BIRD COATHANGER 5 HOOK,193,0.03626943005181347,0.5902907181114182,0.5540212880596047
22243,5 HOOK HANGER RED MAGIC TOADSTOOL,111,0.036036036036036036,0.6393840027738714,0.6033479667378354
21733,RED HANGING HEART T-LIGHT HOLDER,696,0.035919540229885055,0.2593286205330009,0.22340908030311582
23307,SET OF 60 PANTRY DESIGN CAKE CASES ,529,0.035916824196597356,0.13291070732240512,0.09699388312580776
21875,KINGS CHOICE MUG,112,0.03571428571428571,0.8110880160652845,0.7753737303509988
23026,DRAWER KNOB VINTAGE GLASS STAR,56,0.03571428571428571,0.687491669381497,0.6517773836672113
35965,FOLKART HEART NAPKIN RINGS,28,0.03571428571428571,0.782960689209864,0.7472464034955782
35971,ROSE FOLKART HEART DECORATIONS,56,0.03571428571428571,0.6474665912268114,0.6117523055125257
18097C,WHITE TALL PORCELAIN T-LIGHT HOLDER,56,0.03571428571428571,0.3047564708318741,0.26904218511758843
22457,NATURAL SLATE HEART CHALKBOARD ,980,0.03571428571428571,0.5257751890101912,0.49006090329590546
22804,CANDLEHOLDER PINK HANGING HEART,421,0.035629453681710214,0.2924202055886633,0.25679075190695305
23318,BOX OF 6 MINI VINTAGE CRACKERS,337,0.03560830860534125,0.4793731005004926,0.44376479189515133
22120,WELCOME  WOODEN BLOCK LETTERS,170,0.03529411764705882,0.5428448374130662,0.5075507197660074
23147,SINGLE ANTIQUE ROSE HOOK IVORY,255,0.03529411764705882,0.7764804978065933,0.7411863801595345
22608,PENS ASSORTED FUNKY JEWELED ,85,0.03529411764705882,0.014124686465872128,-0.021169431181186693
23289,DOLLY GIRL CHILDRENS BOWL,142,0.035211267605633804,0.049977674086668235,0.01476640648103443
84459A,PINK METAL CHICKEN HEART ,57,0.03508771929824561,0.5486495206761712,0.5135618013779256
22910,PAPER CHAIN KIT VINTAGE CHRISTMAS,713,0.03506311360448808,0.2466236457724047,0.21156053216791662
23007, SPACEBOY BABY GIFT SET,143,0.03496503496503497,0.5811388724624781,0.5461738374974431
21974,SET OF 36 PAISLEY FLOWER DOILIES,229,0.034934497816593885,0.6457823516889805,0.6108478538723866
23255,CHILDRENS CUTLERY CIRCUS PARADE,144,0.034722222222222224,0.5334831646400282,0.498760942417806
21143,ANTIQUE GLASS HEART DECORATION ,29,0.034482758620689655,0.016979063380709414,-0.01750369523998024
22398,MAGNETS PACK OF 4 SWALLOWS,232,0.034482758620689655,0.1071516815148293,0.07266892289413965
22245,"HOOK, 1 HANGER ,MAGIC GARDEN",58,0.034482758620689655,0.5513047183559486,0.516821959735259
37501,TEA TIME TEA SET IN GIFT BOX,29,0.034482758620689655,0.14622000022929077,0.11173724160860111
21041,RED RETROSPOT OVEN GLOVE DOUBLE,146,0.03424657534246575,0.06566524837481542,0.03141867303234967
22550,HOLIDAY FUN LUDO,176,0.03409090909090909,0.7289343634781288,0.6948434543872197
23322,LARGE WHITE HEART OF WICKER,528,0.03409090909090909,0.12141781905682697,0.08732690996591788
23241,TREASURE TIN GYMKHANA DESIGN,295,0.03389830508474576,0.5401533576135579,0.5062550525288121
23224,CHERUB HEART DECORATION GOLD,59,0.03389830508474576,0.48839858508460904,0.45450027999986325
22154,ANGEL DECORATION 3 BUTTONS ,118,0.03389830508474576,0.14332888143993885,0.1094305763551931
15036,ASSORTED COLOURS SILK FAN,325,0.033846153846153845,0.2387965349189315,0.20495038107277763
22536,MAGIC DRAWING SLATE PURDEY,148,0.033783783783783786,0.13781342711568237,0.10402964333189858
84950,ASSORTED COLOUR T-LIGHT HOLDER,89,0.033707865168539325,0.18711894241131669,0.15341107724277736
21913,VINTAGE SEASIDE JIGSAW PUZZLES,89,0.033707865168539325,0.6229266906547909,0.5892188254862516
22907,PACK OF 20 NAPKINS PANTRY DESIGN,565,0.033628318584070796,0.34265833212689367,0.3090300135428229
22523,CHILDS GARDEN FORK PINK,119,0.03361344537815126,0.018279079749161202,-0.015334365628990057
21090,SET/6 COLLAGE PAPER PLATES,119,0.03361344537815126,0.380655836084019,0.34704239070586773
21243,PINK  POLKADOT PLATE ,149,0.03355704697986577,0.5086303903633689,0.4750733433835031
23283,DOORMAT VINTAGE LEAVES DESIGN ,209,0.03349282296650718,0.33277124020284315,0.29927841723633597
21926,RED/CREAM STRIPE CUSHION COVER ,60,0.03333333333333333,0.04850177567390664,0.01516844234057331
21696,SMALL SILVER TRELLIS CANDLEPOT,30,0.03333333333333333,0.03304577263676715,-0.0002875606965661859
23597,PAPER BUNTING PAISLEY PARK,30,0.03333333333333333,0.06680889800355506,0.03347556467022173
22605,WOODEN CROQUET GARDEN SET,241,0.03319502074688797,0.5739524498295333,0.5407574290826453
21907,I'M ON HOLIDAY METAL SIGN,332,0.03313253012048193,0.46006276791126216,0.4269302377907802
22147,FELTCRAFT BUTTERFLY HEARTS,453,0.033112582781456956,0.4704572105665266,0.43734462778506966
22203,MILK PAN RED RETROSPOT,91,0.03296703296703297,0.5513949401020333,0.5184279071350003
23196,RETRO LEAVES MAGNETIC NOTEPAD,243,0.03292181069958848,0.6338392105661216,0.6009173998665331
23078,ICE CREAM PEN LIP GLOSS ,213,0.03286384976525822,0.04519787270869139,0.012334022943433172
23160,REGENCY TEA SPOON,61,0.03278688524590164,0.6810976889967459,0.6483108037508443
23374,RED SPOT PAPER GIFT BAG,122,0.03278688524590164,0.20350539591473316,0.1707185106688315
23207,LUNCH BAG ALPHABET DESIGN,671,0.03278688524590164,0.4148116827793333,0.38202479753343166
22933,BAKING MOULD EASTER EGG MILK CHOC,92,0.03260869565217391,0.34802829610282376,0.3154196004506499
23120,PACK OF 6 SMALL FRUIT STRAWS,92,0.03260869565217391,0.2792215961101692,0.2466129004579953
22571,ROCKING HORSE RED CHRISTMAS ,185,0.032432432432432434,0.48842464169064287,0.45599220925821043
23300,GARDENERS KNEELING PAD CUP OF TEA ,649,0.032357473035439135,0.33014448899583243,0.2977870159603933
22522,CHILDS GARDEN FORK BLUE ,124,0.03225806451612903,0.45981502586088324,0.4275569613447542
16259,PIECE OF CAMO STATIONERY SET,31,0.03225806451612903,0.016114751258310026,-0.016143313257819005
84968D,SET OF 16 VINTAGE RED CUTLERY,31,0.03225806451612903,0.5332559131365544,0.5009978486204254
20707,CRAZY DAISY HEART DECORATION,31,0.03225806451612903,0.35779468997807873,0.3255366254619497
23419,HOME SWEET HOME BOTTLE ,62,0.03225806451612903,0.2650502638604172,0.23279219934428816
79030D,"TUMBLER, BAROQUE",31,0.03225806451612903,0.12438707072783199,0.09212900621170296
22276,WASH BAG VINTAGE ROSE PAISLEY,62,0.03225806451612903,0.0785460007783242,0.04628793626219517
21643,ASSORTED TUTTI FRUTTI MIRROR,31,0.03225806451612903,0.5444008410255741,0.5121427765094451
21407,BROWN CHECK CAT DOORSTOP ,94,0.031914893617021274,0.4241622906989255,0.39224739708190426
22359,GLASS JAR KINGS CHOICE,63,0.031746031746031744,0.3803615649790012,0.34861553323296945
23469,CARD HOLDER LOVE BIRD SMALL,63,0.031746031746031744,0.44951730053709754,0.4177712687910658
23275,SET OF 3 HANGING OWLS OLLIE BEAK,285,0.031578947368421054,0.814993741467306,0.7834147940988849
84380,SET OF 3 BUTTERFLY COOKIE CUTTERS,508,0.031496062992125984,0.8200099830719821,0.7885139200798561
22989,SET 2 PANTRY DESIGN TEA TOWELS,318,0.031446540880503145,0.1873336724672757,0.15588713158677256
22302,COFFEE MUG PEARS  DESIGN,192,0.03125,0.2035864983740314,0.1723364983740314
20985,HEART CALCULATOR,96,0.03125,0.7303731146776629,0.6991231146776629
22343,PARTY PIZZA DISH RED RETROSPOT,64,0.03125,0.2167578463962953,0.1855078463962953
84820,DANISH ROSE TRINKET TRAYS,32,0.03125,0.7146205005082819,0.6833705005082819
23185,FRENCH STYLE STORAGE JAR JAM,32,0.03125,0.24082015380123348,0.20957015380123348
22229,BUNNY WOODEN PAINTED WITH FLOWER ,64,0.03125,0.21629936472107944,0.18504936472107944
22031,BOTANICAL LAVENDER BIRTHDAY CARD,32,0.03125,0.26798165258465817,0.23673165258465817
22932,BAKING MOULD TOFFEE CUP CHOCOLATE,64,0.03125,0.28811058604093776,0.25686058604093776
22048,BIRTHDAY BANQUET GIFT WRAP,32,0.03125,0.16362523017390693,0.13237523017390693
37340,MULTICOLOUR SPRING FLOWER MUG,64,0.03125,0.2350015589234507,0.2037515589234507
21382,SET/4 SPRING FLOWER DECORATION,96,0.03125,0.3916787328878585,0.3604287328878585
22675,FRENCH KITCHEN SIGN BLUE METAL,128,0.03125,0.7814544936757619,0.7502044936757619
21533,RETROSPOT LARGE MILK JUG,321,0.03115264797507788,0.645049519041753,0.6138968710666751
23302,KNEELING MAT HOUSEWORK  DESIGN,193,0.031088082901554404,0.3916695183724677,0.3605814354709133
85199L,LARGE HANGING IVORY & RED WOOD BIRD,65,0.03076923076923077,0.12983942637829102,0.09907019560906025
22294,HEART FILIGREE DOVE  SMALL,261,0.03065134099616858,0.02487168269996974,-0.00577965829619884
22460,EMBOSSED GLASS TEALIGHT HOLDER,164,0.03048780487804878,0.8331070656075089,0.8026192607294601
22899,CHILDREN'S APRON DOLLY GIRL ,263,0.030418250950570342,0.3534999610087372,0.3230817100581669
21708,FOLDING UMBRELLA CREAM POLKADOT,33,0.030303030303030304,0.4921272109451214,0.4618241806420911
22230,JIGSAW TREE WITH WATERING CAN,66,0.030303030303030304,0.26741977594518124,0.23711674564215093
22194,BLACK DINER WALL CLOCK,33,0.030303030303030304,0.17324779779111263,0.14294476748808232
22551,PLASTERS IN TIN SPACEBOY,594,0.030303030303030304,0.3696527419678813,0.33934971166485095
16054,POPART RECT PENCIL SHARPENER ASST,33,0.030303030303030304,0.01346734413337986,-0.016835686169650442
21351,CINAMMON & ORANGE WREATH,33,0.030303030303030304,0.15215030641584648,0.12184727611281618
20838,FRENCH LATTICE CUSHION COVER ,33,0.030303030303030304,0.9257577832839898,0.8954547529809596
22311,OFFICE MUG WARMER BLACK+SILVER ,100,0.03,0.270168498126868,0.240168498126868
23130,MISTLETOE HEART WREATH GREEN,167,0.029940119760479042,0.43180590449500067,0.4018657847345216
21822,GLITTER CHRISTMAS TREE WITH BELLS,67,0.029850746268656716,0.31833479149617755,0.28848404522752086
21154,RED RETROSPOT OVEN GLOVE ,268,0.029850746268656716,0.8246955201451163,0.7948447738764596
22526,WHEELBARROW FOR CHILDREN ,67,0.029850746268656716,0.49152376510993234,0.46167301884127565
22964,3 PIECE SPACEBOY COOKIE CUTTER SET,302,0.029801324503311258,0.4759425265999639,0.44614120209665264
22554,PLASTERS IN TIN WOODLAND ANIMALS,605,0.02975206611570248,0.40116108661358313,0.37140902049788066
22722,SET OF 6 SPICE TINS PANTRY DESIGN,674,0.02967359050445104,0.7458407587321945,0.7161671682277434
85062,PEARL CRYSTAL PUMPKIN T-LIGHT HLDR,135,0.02962962962962963,0.25971848001881764,0.23008885038918803
23049,RECYCLED ACAPULCO MAT RED,169,0.029585798816568046,0.3768269402416132,0.34724114142504514
22086,PAPER CHAIN KIT 50'S CHRISTMAS ,1019,0.029440628066732092,0.23496461775889974,0.20552398969216765
21408,SPOTTY PINK DUCK DOORSTOP,68,0.029411764705882353,0.44265160074916665,0.4132398360432843
85188A,GREEN METAL SWINGING BUNNY,34,0.029411764705882353,0.03459287583843928,0.005181111132556926
85186C,BUNNY EGG GARLAND,34,0.029411764705882353,0.03259120702272984,0.0031794423168474903
22452,MEASURING TAPE BABUSHKA PINK,68,0.029411764705882353,0.21581047857530633,0.18639871386942397
85185B,PINK HORSE SOCK PUPPET,68,0.029411764705882353,0.23459611985845727,0.2051843551525749
22444,GROW YOUR OWN PLANT IN A CAN ,34,0.029411764705882353,0.03332043115838443,0.003908666452502076
23274,STAR T-LIGHT HOLDER WILLIE WINKIE,102,0.029411764705882353,0.6261356074074841,0.5967238427016017
79190A,RETRO PLASTIC 70'S TRAY,34,0.029411764705882353,0.04314696249372413,0.013735197787841776
84951A,SET OF 4 PISTACHIO LOVEBIRD COASTER,34,0.029411764705882353,0.529504050283552,0.5000922855776696
22680,FRENCH BLUE METAL DOOR SIGN 5,103,0.02912621359223301,0.7903585131745376,0.7612322995823047
21558,SKULL LUNCH BOX WITH CUTLERY ,275,0.02909090909090909,0.1865439291356224,0.15745302004471332
22938,CUPCAKE LACE PAPER SET 6,172,0.029069767441860465,0.6265377795495153,0.5974680121076548
84970S,HANGING HEART ZINC T-LIGHT HOLDER,415,0.02891566265060241,0.5555797796551804,0.5266641170045779
23247,BISCUIT TIN 50'S CHRISTMAS,277,0.02888086642599278,0.4058375248300274,0.3769566584040346
22066,LOVE HEART TRINKET POT,140,0.02857142857142857,0.08224530367762384,0.05367387510619527
85135B,BLUE DRAGONFLY HELICOPTER,35,0.02857142857142857,0.036698309259654956,0.008126880688226385
22414,DOORMAT NEIGHBOURHOOD WITCH ,70,0.02857142857142857,0.39052484998602116,0.3619534214145926
21455,PAINTED YELLOW WOODEN DAISY,35,0.02857142857142857,0.012529278060096159,-0.016042150511332412
22377,BOTTLE BAG RETROSPOT ,105,0.02857142857142857,0.47569106786653637,0.4471196392951078
22959,WRAP CHRISTMAS VILLAGE,140,0.02857142857142857,0.2603564343061793,0.2317850057347507
21792,CLASSIC FRENCH STYLE BASKET GREEN ,70,0.02857142857142857,0.4355441253640791,0.4069726967926505
23401,RUSTIC MIRROR WITH LACE HEART,70,0.02857142857142857,0.29282832195432,0.26425689338289143
22685,FRENCH BLUE METAL DOOR SIGN 0,70,0.02857142857142857,0.06109818857960011,0.032526760008171535
23397,FOOT STOOL HOME SWEET HOME ,176,0.028409090909090908,0.6909885729515169,0.662579482042426
22252,BIRDCAGE DECORATION TEALIGHT HOLDER,71,0.028169014084507043,0.43170193982009647,0.4035329257355894
23186,FRENCH STYLE STORAGE JAR CAFE ,71,0.028169014084507043,0.04911373869241944,0.020944724607912395
85034C,3 ROSE MORRIS BOXED CANDLES,142,0.028169014084507043,0.39845493382272884,0.3702859197382218
22553,PLASTERS IN TIN SKULLS,465,0.02795698924731183,0.3749651100163404,0.3470081207690286
23296,SET OF 6 TEA TIME BAKING CASES,324,0.027777777777777776,0.5881611000602887,0.5603833222825109
22647,CERAMIC LOVE HEART MONEY BANK,36,0.027777777777777776,0.2541736575124037,0.22639587973462588
22246,"GARLAND, MAGIC GARDEN 1.8M",36,0.027777777777777776,0.459553305857398,0.4317755280796202
23456,MEDIUM PARLOUR PICTURE FRAME ,36,0.027777777777777776,0.4796812188620072,0.4519034410842294
23343,JUMBO BAG VINTAGE CHRISTMAS ,396,0.027777777777777776,0.428760462621528,0.4009826848437502
22389,PAPERWEIGHT SAVE THE PLANET,36,0.027777777777777776,0.5168721924568468,0.489094414679069
84032A,CHARLIE+LOLA PINK HOT WATER BOTTLE,108,0.027777777777777776,0.11482779378695439,0.08705001600917661
22852,DOG BOWL VINTAGE CREAM,108,0.027777777777777776,0.5153123218960103,0.4875345441182325
20971,PINK BLUE FELT CRAFT TRINKET BOX,468,0.027777777777777776,0.7907256227709298,0.762947844993152
23074,EMBOSSED HEART TRINKET BOX,36,0.027777777777777776,0.24032312802151426,0.2125453502437365
22139,RETROSPOT TEA SET CERAMIC 11 PC ,833,0.027611044417767107,0.46566082818250554,0.4380497837647384
22149,FELTCRAFT 6 FLOWER FRIENDS,473,0.02748414376321353,0.4835087507658778,0.4560246070026643
23291,DOLLY GIRL CHILDRENS CUP,146,0.0273972602739726,0.8246955201451163,0.7972982598711437
22686,FRENCH BLUE METAL DOOR SIGN No,73,0.0273972602739726,0.7884999935455944,0.7611027332716218
84944,SET OF 6 KASHMIR FOLKART BAUBLES,73,0.0273972602739726,0.4927345610127414,0.4653373007387688
23177,TREASURE ISLAND BOOK BOX,220,0.02727272727272727,0.28934675857898984,0.26207403130626256
22119,PEACE WOODEN BLOCK LETTERS,110,0.02727272727272727,0.12233678775661054,0.09506406048388327
23131,MISTLETOE HEART WREATH CREAM,110,0.02727272727272727,0.4216827864063348,0.3944100591336075
22982,PANTRY PASTRY BRUSH,147,0.027210884353741496,0.866671916287548,0.8394610319338065
21217,RED RETROSPOT ROUND CAKE TINS,258,0.027131782945736434,0.6377047197217429,0.6105729367760064
85150,LADIES & GENTLEMEN METAL SIGN,369,0.02710027100271003,0.2857442877929234,0.25864401679021337
22322,BIRD DECORATION GREEN POLKADOT,37,0.02702702702702703,0.027741696679833935,0.0007146696528069069
23086,ZINC  STAR T-LIGHT HOLDER ,37,0.02702702702702703,0.6603190315579992,0.6332920045309722
15044D,RED PAPER PARASOL,74,0.02702702702702703,0.270168498126868,0.24314147109984097
20969,RED FLORAL FELTCRAFT SHOULDER BAG,259,0.02702702702702703,0.5443446723440521,0.5173176453170252
20982,12 PENCILS TALL TUBE SKULLS,222,0.02702702702702703,0.3847066985151085,0.3576796714880815
21352,EUCALYPTUS & PINECONE  WREATH,37,0.02702702702702703,0.5386672465868465,0.5116402195598195
84754,S/15 SILVER GLASS BAUBLES IN BAG,37,0.02702702702702703,0.17935147045396616,0.15232444342693913
22674,FRENCH TOILET SIGN BLUE METAL,148,0.02702702702702703,0.7777368214874925,0.7507097944604655
22626,BLACK KITCHEN SCALES,186,0.026881720430107527,0.617045100185346,0.5901633797552385
22854,CREAM SWEETHEART EGG HOLDER,149,0.026845637583892617,0.62821562308188,0.6013699854979874
20677,PINK POLKADOT BOWL,224,0.026785714285714284,0.8246955201451163,0.797909805859402
21746,SMALL RED RETROSPOT WINDMILL,187,0.026737967914438502,0.8554994285928168,0.8287614606783783
85017B,ENVELOPE 50 BLOSSOM IMAGES,75,0.02666666666666667,0.35935608506342276,0.3326894183967561
22046,TEA PARTY  WRAPPING PAPER ,75,0.02666666666666667,0.1652095278131013,0.13854286114643463
22273,FELTCRAFT DOLL MOLLY,300,0.02666666666666667,0.3803615649790012,0.3536948983123345
21242,RED RETROSPOT PLATE ,225,0.02666666666666667,0.6429915015308224,0.6163248348641558
21035,SET/2 RED RETROSPOT TEA TOWELS ,225,0.02666666666666667,0.35823375915553674,0.33156709248887006
22867,HAND WARMER BIRD DESIGN,488,0.02663934426229508,0.459553305857398,0.4329139615951029
23344,JUMBO BAG 50'S CHRISTMAS ,602,0.026578073089700997,0.4529627537601712,0.4263846806704702
22690,DOORMAT HOME SWEET HOME BLUE ,264,0.026515151515151516,0.3123288117309399,0.2858136602157884
82582,AREA PATROLLED METAL SIGN,378,0.026455026455026454,0.46006276791126216,0.4336077414562357
20866,BLUE ROSE FABRIC MIRROR,38,0.02631578947368421,0.6118931803542295,0.5855773908805453
82613C,"METAL SIGN,CUPCAKE SINGLE HOOK",38,0.02631578947368421,0.6347995301642639,0.6084837406905798
22638,SET OF 4 NAPKIN CHARMS CROWNS ,38,0.02631578947368421,0.2071552853477025,0.1808394958740183
20676,RED RETROSPOT BOWL,304,0.02631578947368421,0.6810976889967459,0.6547818995230618
72586,SET OF 6 HALLOWEEN GHOST T-LIGHTS,38,0.02631578947368421,0.0293978548348244,0.0030820653611401926
23221,REINDEER HEART DECORATION SILVER,114,0.02631578947368421,0.5780165000129571,0.5517007105392729
22173,METAL 4 HOOK HANGER FRENCH CHATEAU,342,0.02631578947368421,0.5484937753629375,0.5221779858892533
23523,TREASURE AHOY WALL ART,38,0.02631578947368421,0.4963487720782462,0.47003298260456194
85180A,RED HEARTS LIGHT CHAIN ,38,0.02631578947368421,0.41590538517526854,0.38958959570158436
23319,BOX OF 6 MINI 50'S CRACKERS,381,0.026246719160104987,0.18548029358070814,0.15923357442060315
21977,PACK OF 60 PINK PAISLEY CAKE CASES,686,0.026239067055393587,0.11595851105475295,0.08971944399935937
21519,GIN & TONIC DIET GREETING CARD ,191,0.02617801047120419,0.24696458450205727,0.22078657403085308
22433,WATERING CAN GREEN DINOSAUR,191,0.02617801047120419,0.6183210223408022,0.5921430118695981
21039,RED RETROSPOT SHOPPING BAG,77,0.025974025974025976,0.5460178333049654,0.5200438073309395
23212,HEART WREATH DECORATION WITH BELL,154,0.025974025974025976,0.6525224182761035,0.6265483923020775
85035A,GARDENIA 3 WICK MORRIS BOXED CANDLE,77,0.025974025974025976,0.06830069901748258,0.0423266730434566
20970,PINK FLORAL FELTCRAFT SHOULDER BAG,232,0.02586206896551724,0.6011555702236566,0.5752935012581394
21481,FAWN BLUE HOT WATER BOTTLE,387,0.025839793281653745,0.23669043385996347,0.2108506405783097
22661,CHARLOTTE BAG DOLLY GIRL DESIGN,349,0.025787965616045846,0.48258385052629277,0.4567958849102469
22920,HERB MARKER BASIL,194,0.02577319587628866,0.0803542021987782,0.05458100632248954
23119,PACK OF 6 LARGE FRUIT STRAWS ,117,0.02564102564102564,0.14707765027961806,0.12143662463859242
21246,RED RETROSPOT BIG BOWL,39,0.02564102564102564,0.47824395539978165,0.452602929758756
23082,SET 6 PAPER TABLE LANTERN HEARTS ,273,0.02564102564102564,0.42860949830640904,0.4029684726653834
47580,TEA TIME DES TEA COSY,78,0.02564102564102564,0.5243951189763117,0.4987540933352861
22584,PACK OF 6 PANNETONE GIFT BOXES,156,0.02564102564102564,0.520997988580248,0.4953569629392224
20704,MR ROBOT SOFT TOY,39,0.02564102564102564,0.7284368324618938,0.7027958068208682
22224,WHITE LOVEBIRD LANTERN,117,0.02564102564102564,0.278219872866839,0.25257884722581336
20752,BLUE POLKADOT WASHING UP GLOVES,117,0.02564102564102564,0.02999737081594301,0.00435634517491737
21263,GREEN GOOSE FEATHER TREE 60CM,39,0.02564102564102564,0.018074493798565718,-0.007566531842459923
23117,POPPY FIELDS CHOPPING BOARD,39,0.02564102564102564,0.2034190534470073,0.17777802780598168
23242,TREASURE TIN BUFFALO BILL ,196,0.025510204081632654,0.5437925918672626,0.51828238778563
22794,SWEETHEART WIRE MAGAZINE RACK,157,0.025477707006369428,0.0766859634014521,0.051208256395082676
22586,FELTCRAFT HAIRBAND PINK AND BLUE,118,0.025423728813559324,0.011463653179883111,-0.013960075633676213
22283,6 EGG HOUSE PAINTED WOOD,118,0.025423728813559324,0.25203150089446247,0.22660777208090316
84077,WORLD WAR 2 GLIDERS ASSTD DESIGNS,473,0.02536997885835095,0.36332850980790904,0.3379585309495581
15044A,PINK PAPER PARASOL ,79,0.02531645569620253,0.4394355762684522,0.41411912057224964
22186,RED STAR CARD HOLDER,119,0.025210084033613446,0.45595062435542566,0.4307405403218122
23126,DOLLCRAFT GIRL AMELIE KIT,278,0.025179856115107913,0.38247696366878803,0.3572971075536801
21891,TRADITIONAL WOODEN SKIPPING ROPE,358,0.025139664804469275,0.7462095051233131,0.7210698403188438
22693,GROW A FLYTRAP OR SUNFLOWER IN TIN,239,0.02510460251046025,0.6076067058976383,0.5825021033871781
23138,SINGLE WIRE HOOK IVORY HEART,80,0.025,0.8054480329105859,0.7804480329105858
23211,RED ROCKING HORSE HAND PAINTED,120,0.025,0.5444008410255741,0.519400841025574
21581,SKULLS  DESIGN  COTTON TOTE BAG,40,0.025,0.04758118590665522,0.02258118590665522
22432,WATERING CAN PINK BUNNY,240,0.025,0.05923313171577641,0.03423313171577641
23150,IVORY SWEETHEART SOAP DISH,40,0.025,0.2362449571884066,0.2112449571884066
22050,PINK PAISLEY ROSE GIFT WRAP,40,0.025,0.17104145691061454,0.14604145691061454
22672,FRENCH BATHROOM SIGN BLUE METAL,160,0.025,0.5487104381759926,0.5237104381759926
37500,TEA TIME TEAPOT IN GIFT BOX,80,0.025,0.12233678775661054,0.09733678775661053
22957,SET 3 PAPER VINTAGE CHICK PAPER EGG,201,0.024875621890547265,0.3367080814295839,0.31183245953903665
20754,RETROSPOT RED WASHING UP GLOVES,243,0.024691358024691357,0.06413363042948385,0.03944227240479249
22083,PAPER CHAIN KIT RETROSPOT,448,0.024553571428571428,0.4969684545711528,0.47241488314258134
22421,LIPSTICK PEN FUSCHIA,123,0.024390243902439025,0.09566094969197919,0.07127070578954017
15058B,PINK POLKADOT GARDEN PARASOL,41,0.024390243902439025,0.2218723830954815,0.19748213919304247
21775,DECORATIVE FLORE BATHROOM BOTTLE,41,0.024390243902439025,0.5967506382983776,0.5723603943959386
84029E,RED WOOLLY HOTTIE WHITE HEART.,328,0.024390243902439025,0.5846807425614597,0.5602904986590207
22597,CHRISTMAS MUSICAL ZINC HEART ,123,0.024390243902439025,0.18136540159318446,0.15697515769074544
22509,SEWING BOX RETROSPOT DESIGN ,82,0.024390243902439025,0.551878617244896,0.5274883733424569
22818,CARD CHRISTMAS VILLAGE,164,0.024390243902439025,0.2413162042262303,0.21692596032379127
21821,GLITTER STAR GARLAND WITH BELLS ,41,0.024390243902439025,0.4291118934794053,0.40472164957696627
22485,SET OF 2 WOODEN MARKET CRATES,165,0.024242424242424242,0.5732721375324582,0.5490297132900339
85183A,CHARLIE & LOLA WASTEPAPER BIN BLUE,83,0.024096385542168676,0.7267114215277884,0.7026150359856198
23000,TRAVEL CARD WALLET TRANSPORT,208,0.02403846153846154,0.2392266728959633,0.21518821135750177
21937,STRAWBERRY   PICNIC BAG,208,0.02403846153846154,0.3350847288494355,0.31104626731097396
22570,FELTCRAFT CUSHION RABBIT,333,0.024024024024024024,0.07043817360675377,0.04641414958272974
22112,CHOCOLATE HOT WATER BOTTLE,714,0.023809523809523808,0.5833480720972669,0.5595385482877431
84821,DANISH ROSE DELUXE COASTER,42,0.023809523809523808,0.17922261162951775,0.15541308781999394
84927F,PSYCHEDELIC TILE HOOK,42,0.023809523809523808,0.12726471062039998,0.10345518681087618
21156,RETROSPOT CHILDRENS APRON,294,0.023809523809523808,0.5173843661004008,0.493574842290877
21747,SMALL SKULL WINDMILL,42,0.023809523809523808,0.3630406474196197,0.3392311236100959
23518,EMBROIDERED RIBBON REEL RACHEL ,42,0.023809523809523808,0.5091974418362659,0.4853879180267421
21055,TOOL BOX SOFT TOY ,84,0.023809523809523808,0.5962590773128528,0.5724495535033289
21068,VINTAGE BILLBOARD LOVE/HATE MUG,126,0.023809523809523808,0.6392480300021561,0.6154385061926323
22316,200 BENDY SKULL STRAWS,42,0.023809523809523808,0.5574918164760545,0.5336822926665307
84674,FLYING PIG WATERING CAN,42,0.023809523809523808,0.5263911120243062,0.5025815882147824
21578,WOODLAND DESIGN  COTTON TOTE BAG,84,0.023809523809523808,0.24520078636043238,0.22139126255090857
23035,DRAWER KNOB CERAMIC IVORY,170,0.023529411764705882,0.49327180097894724,0.4697423892142414
22993,SET OF 4 PANTRY JELLY MOULDS,893,0.023516237402015677,0.8331070656075089,0.8095908282054932
22633,HAND WARMER UNION JACK,470,0.023404255319148935,0.057322545345416136,0.0339182900262672
22824,3 TIER SWEETHEART GARDEN SHELF,43,0.023255813953488372,0.5123881637630687,0.48913234980958037
22403,MAGNETS PACK OF 4 VINTAGE LABELS ,86,0.023255813953488372,0.13581247118728526,0.11255665723379689
85177,BASKET OF FLOWERS SEWING KIT,43,0.023255813953488372,0.4810591224711515,0.45780330851766315
22558,CLOTHES PEGS RETROSPOT PACK 24 ,648,0.023148148148148147,0.5448371076108119,0.5216889594626638
23227,FILIGREE HEART BUTTERFLY WHITE ,87,0.022988505747126436,0.8246955201451163,0.8017070143979899
22860,EASTER TIN CHICKS PINK DAISY,87,0.022988505747126436,0.07503846915698253,0.0520499634098561
22631,CIRCUS PARADE LUNCH BOX ,262,0.022900763358778626,0.5386906174371607,0.5157898540783821
23229,VINTAGE DONKEY TAIL GAME ,219,0.0228310502283105,0.7416505468009384,0.718819496572628
22271,FELTCRAFT DOLL ROSIE,263,0.022813688212927757,0.459236779645234,0.4364230914323063
22305,COFFEE MUG PINK PAISLEY DESIGN,44,0.022727272727272728,0.11086062005686426,0.08813334732959152
85204,HANGING WOOD AND FELT FLOWER,44,0.022727272727272728,0.010365634258869365,-0.012361638468403362
20840,FRENCH FLORAL CUSHION COVER ,44,0.022727272727272728,0.9109300929709083,0.8882028202436356
85172,HYACINTH BULB T-LIGHT CANDLES,44,0.022727272727272728,0.02395349727858762,0.001226224551314891
84879,ASSORTED COLOUR BIRD ORNAMENT,1408,0.022727272727272728,0.48527409672949384,0.46254682400222114
22221,CAKE STAND LOVEBIRD 2 TIER PINK,44,0.022727272727272728,0.7001597709469659,0.6774324982196932
23128,FELTCRAFT BOY JEAN-PAUL KIT,132,0.022727272727272728,0.3020237279165579,0.2792964551892852
22623,BOX OF VINTAGE JIGSAW BLOCKS ,221,0.02262443438914027,0.4652806663516088,0.44265623196246856
22772,PINK DRAWER KNOB ACRYLIC EDWARDIAN,177,0.022598870056497175,0.026320539478555373,0.003721669422058198
84032B,CHARLIE + LOLA RED HOT WATER BOTTLE,133,0.022556390977443608,0.22311048638062625,0.20055409540318264
22350,ILLUSTRATED CAT BOWL ,89,0.02247191011235955,0.26782502287033827,0.24535311275797872
23010,CIRCUS PARADE BABY GIFT SET,89,0.02247191011235955,0.7137632269032753,0.6912913167909158
20685,DOORMAT RED RETROSPOT,579,0.022452504317789293,0.29850596171061355,0.2760534573928243
23415,HOME SWEET HOME HOOK,45,0.022222222222222223,0.8331070656075089,0.8108848433852867
23525,BUFFALO BILL WALL ART ,45,0.022222222222222223,0.4963487720782462,0.474126549856024
23413,VINTAGE COFFEE GRINDER BOX,45,0.022222222222222223,0.5563220566757021,0.5340998344534799
22409,MONEY BOX BISCUITS DESIGN,45,0.022222222222222223,0.026320539478555373,0.00409831725633315
22318,FIVE HEART HANGING DECORATION,90,0.022222222222222223,0.24214717218987886,0.21992494996765663
22493,PAINT YOUR OWN CANVAS SET,180,0.022222222222222223,0.5500386340331962,0.5278164118109739
23309,SET OF 60 I LOVE LONDON CAKE CASES ,315,0.022222222222222223,0.13605338363004926,0.11383116140782704
21373,MIRRORED WALL ART SNOWFLAKES,45,0.022222222222222223,0.15241707506422794,0.13019485284200571
20675,BLUE POLKADOT BOWL,226,0.022123893805309734,0.6582098891648106,0.6360859953595008
22624,IVORY KITCHEN SCALES,635,0.02204724409448819,0.6871252650766142,0.665078020982126
23338,EGG FRYING PAN RED ,91,0.02197802197802198,0.5885778042467782,0.5665997822687562
22912,YELLOW COAT RACK PARIS FASHION,91,0.02197802197802198,0.48518113657376305,0.4632031145957411
23061,VINTAGE EMBOSSED HEART,91,0.02197802197802198,0.016518052876379297,-0.005459969101642682
22592,CARDHOLDER HOLLY WREATH METAL,91,0.02197802197802198,0.7432936594544162,0.7213156374763942
48129,DOORMAT TOPIARY,183,0.02185792349726776,0.20285782777701009,0.18099990427974233
23436,GIFT BAG LARGE VINTAGE CHRISTMAS,92,0.021739130434782608,0.5321209530874998,0.5103818226527173
21422,PORCELAIN ROSE SMALL,46,0.021739130434782608,0.34265833212689367,0.3209192016921111
23025,DRAWER KNOB VINTAGE GLASS BALL,46,0.021739130434782608,0.5764158762887276,0.554676745853945
20749,ASSORTED COLOUR MINI CASES,368,0.021739130434782608,0.3278250585985338,0.3060859281637512
82613B,"METAL SIGN,CUPCAKE SINGLE HOOK",46,0.021739130434782608,0.4260062466139561,0.4042671161791735
21098,CHRISTMAS TOILET ROLL,184,0.021739130434782608,0.5702410598338155,0.5485019293990329
23526,DOG LICENCE WALL ART,92,0.021739130434782608,0.33742845100209623,0.31568932056731364
22428,ENAMEL FIRE BUCKET CREAM,92,0.021739130434782608,0.11641915735272944,0.09468002691794683
22679,FRENCH BLUE METAL DOOR SIGN 4,92,0.021739130434782608,0.7920857638942459,0.7703466334594633
23127,DOLLCRAFT GIRL NICOLE,185,0.021621621621621623,0.31479342627617657,0.29317180465455495
23368,SET 12 COLOUR PENCILS DOLLY GIRL ,185,0.021621621621621623,0.07214294508336674,0.05052132346174512
22431,WATERING CAN BLUE ELEPHANT,279,0.021505376344086023,0.6053844239706961,0.5838790476266101
21794,CLASSIC FRENCH STYLE BASKET NATURAL,93,0.021505376344086023,0.5501652348682187,0.5286598585241327
23566,EGG CUP MILKMAID HEIDI,47,0.02127659574468085,0.6561848926865393,0.6349082969418585
22425,ENAMEL COLANDER CREAM,141,0.02127659574468085,0.529984124188007,0.5087075284433261
21870,I CAN ONLY PLEASE ONE PERSON MUG,141,0.02127659574468085,0.030851454456103145,0.009574858711422295
22937,BAKING MOULD CHOCOLATE CUPCAKES,141,0.02127659574468085,0.5215098374300056,0.5002332416853247
21888,BINGO SET,282,0.02127659574468085,0.7347859036054132,0.7135093078607323
16219,HOUSE SHAPE PENCIL SHARPENER,47,0.02127659574468085,0.014730991229325599,-0.0065456045153552515
23411, TRELLIS COAT RACK,47,0.02127659574468085,0.5467748871276192,0.5254982913829384
23234,BISCUIT TIN VINTAGE CHRISTMAS,236,0.0211864406779661,0.23459611985845727,0.21340967918049117
22662,LUNCH BAG DOLLY GIRL DESIGN,614,0.021172638436482084,0.3581982308822392,0.3370255924457571
21810,CHRISTMAS HANGING STAR WITH BELL,189,0.021164021164021163,0.0901690619937869,0.06900504082976573
22114,HOT WATER BOTTLE TEA AND SYMPATHY,520,0.021153846153846155,0.4763974971653646,0.4552436510115185
21754,HOME BUILDING BLOCK WORD,710,0.02112676056338028,0.20545833688102588,0.1843315763176456
23311,VINTAGE CHRISTMAS STOCKING ,284,0.02112676056338028,0.2853258532605146,0.26419909269713426
22645,CERAMIC HEART FAIRY CAKE MONEY BANK,237,0.02109704641350211,0.6118931803542295,0.5907961339407274
22913,RED COAT RACK PARIS FASHION,95,0.021052631578947368,0.5469498821924603,0.525897250613513
23200,JUMBO BAG PEARS,477,0.020964360587002098,0.485583789519025,0.4646194289320229
23132,SMALL IVORY HEART WALL ORGANISER,144,0.020833333333333332,0.3776757133859839,0.35684238005265057
23380,PACK OF 12 VINTAGE DOILY TISSUES,96,0.020833333333333332,0.02060882307748927,-0.0002245102558440619
22902,TOTE BAG I LOVE LONDON,96,0.020833333333333332,0.5437925918672626,0.5229592585339292
22691,DOORMAT WELCOME SUNRISE,96,0.020833333333333332,0.10639894791404896,0.08556561458071563
84968C,SET OF 16 VINTAGE PISTACHIO CUTLERY,48,0.020833333333333332,0.5185961813990863,0.49776284806575294
23503,PLAYING CARDS KEEP CALM & CARRY ON,337,0.020771513353115726,0.030346151658641095,0.009574638305525369
23582,VINTAGE DOILY JUMBO BAG RED ,241,0.02074688796680498,0.4454622653718043,0.4247153774049993
20977,36 PENCILS TUBE WOODLAND,145,0.020689655172413793,0.02219279882002502,0.001503143647611227
22916,HERB MARKER THYME,194,0.020618556701030927,0.0803542021987782,0.05973564549774728
23232,WRAP VINTAGE PETALS  DESIGN,243,0.0205761316872428,0.2603564343061793,0.23978030261893649
22723,SET OF 6 HERB TINS SKETCHBOOK,243,0.0205761316872428,0.7549261272701376,0.7343499955828948
22426,ENAMEL WASH BOWL CREAM,146,0.02054794520547945,0.5385377901010296,0.5179898448955502
23298,SPOTTY BUNTING,1024,0.0205078125,0.6364528166350507,0.6159450041350507
22385,JUMBO BAG SPACEBOY DESIGN,488,0.020491803278688523,0.5663599216336265,0.545868118354938
84406B,CREAM CUPID HEARTS COAT HANGER,244,0.020491803278688523,0.7347859036054132,0.7142941003267247
21933,PINK VINTAGE PAISLEY PICNIC BAG,294,0.02040816326530612,0.5159141081059324,0.49550594484062627
22152,PLACE SETTING WHITE STAR,98,0.02040816326530612,0.2552618918430551,0.23485372857774897
23087,ZINC  HEART T-LIGHT HOLDER,49,0.02040816326530612,0.5981519371100273,0.5777437738447212
21199,PINK  HEART CONFETTI IN TUBE,49,0.02040816326530612,0.8951157941864599,0.8747076309211538
47559B,TEA TIME OVEN GLOVE,246,0.02032520325203252,0.8246955201451163,0.8043703168930838
21108,FAIRY CAKE FLANNEL ASSORTED COLOUR,197,0.02030456852791878,0.8345235483167109,0.8142189797887922
22919,HERB MARKER MINT,198,0.020202020202020204,0.0803542021987782,0.060152181996757995
22151,PLACE SETTING WHITE HEART,297,0.020202020202020204,0.2980485722965248,0.2778465520945046
21485,RETROSPOT HEART HOT WATER BOTTLE,548,0.020072992700729927,0.46566082818250554,0.4455878354817756
84536B,FAIRY CAKES NOTEBOOK A7 SIZE,100,0.02,0.2293309829371657,0.2093309829371657
82616B,FRAPPUCINO SCARF KNITTING KIT,50,0.02,0.19943501573163688,0.1794350157316369
23106,ZINC HEARTS PLANT POT HOLDER,50,0.02,0.20539139853768104,0.18539139853768105
21682,LARGE MEDINA STAMPED METAL BOWL ,50,0.02,0.31479342627617657,0.29479342627617655
22710,WRAP I LOVE LONDON ,100,0.02,0.2612039140087751,0.24120391400877508
22393,PAPERWEIGHT VINTAGE COLLAGE,50,0.02,0.5661393785094935,0.5461393785094935
22260,FELT EGG COSY BLUE RABBIT ,50,0.02,0.5698324744598994,0.5498324744598994
22077,6 RIBBONS RUSTIC CHARM,751,0.019973368841544607,0.5822101611399252,0.5622367922983805
22752,SET 7 BABUSHKA NESTING BOXES,301,0.019933554817275746,0.43102812033271304,0.41109456551543727
23145,ZINC T-LIGHT HOLDER STAR LARGE,151,0.019867549668874173,0.5836600681320387,0.5637925184631646
20974,12 PENCILS SMALL TUBE SKULL,303,0.019801980198019802,0.10957067592474466,0.08976869572672486
22372,AIRLINE BAG VINTAGE WORLD CHAMPION ,101,0.019801980198019802,0.47024628640712135,0.45044430620910153
22268,EASTER DECORATION SITTING BUNNY,101,0.019801980198019802,0.13942686022782838,0.11962488002980858
23159,SET OF 5 PANCAKE DAY MAGNETS,202,0.019801980198019802,0.14981773002897983,0.13001574983096004
22176,BLUE OWL SOFT TOY,101,0.019801980198019802,0.3574143589716926,0.3376123787736728
22400,MAGNETS PACK OF 4 HOME SWEET HOME,152,0.019736842105263157,0.09226538774368298,0.07252854563841982
23152,IVORY SWEETHEART WIRE LETTER RACK ,152,0.019736842105263157,0.09204770711057635,0.0723108650053132
21987,PACK OF 6 SKULL PAPER CUPS,152,0.019736842105263157,0.11277397194955634,0.09303712984429319
23215,JINGLE BELL HEART ANTIQUE SILVER,203,0.019704433497536946,0.46735972001649956,0.44765528651896264
22547,MINI JIGSAW DINOSAUR ,51,0.0196078431372549,0.12126489159651023,0.10165704845925533
82613D,METAL SIGN CUPCAKE SINGLE HOOK,51,0.0196078431372549,0.529504050283552,0.509896207146297
23524,HORSE & PONY WALL ART,51,0.0196078431372549,0.4057343867548586,0.38612654361760373
21591,COSY HOUR CIGAR BOX MATCHES ,154,0.01948051948051948,0.01858163966056655,-0.0008988798199529302
22094,RED RETROSPOT TISSUE BOX,154,0.01948051948051948,0.042942287089724446,0.023461767609204966
84050,PINK HEART SHAPE EGG FRYING PAN,206,0.019417475728155338,0.5828666883015144,0.5634492125733591
22835,HOT WATER BOTTLE I AM SO POORLY,518,0.019305019305019305,0.5661199076936557,0.5468148883886365
21623,VINTAGE UNION JACK MEMOBOARD,208,0.019230769230769232,0.6282089034440316,0.6089781342132623
21675,BUTTERFLIES STICKERS,52,0.019230769230769232,0.6080147420513298,0.5887839728205605
21774,DECORATIVE CATS BATHROOM BOTTLE,52,0.019230769230769232,0.5643823313820994,0.5451515621513301
22366,DOORMAT AIRMAIL ,156,0.019230769230769232,0.30303358065472796,0.28380281142395875
82616C,MIDNIGHT GLAMOUR SCARF KNITTING KIT,52,0.019230769230769232,0.37043685572423973,0.3512060864934705
23342,MINT DINER WALL CLOCK,157,0.01910828025477707,0.4550622823410306,0.4359540020862535
23581,JUMBO BAG PAISLEY PARK,315,0.01904761904761905,0.4292629018097945,0.41021528276217545
21210,SET OF 72 RETROSPOT PAPER  DOILIES,368,0.019021739130434784,0.5602005623170975,0.5411788231866627
22951,60 CAKE CASES DOLLY GIRL DESIGN,369,0.018970189701897018,0.1300807059805344,0.11111051627863738
22670,FRENCH WC SIGN BLUE METAL,211,0.018957345971563982,0.8053072862825097,0.7863499403109457
23306,SET OF 36 DOILIES PANTRY DESIGN,211,0.018957345971563982,0.5808446811297592,0.5618873351581952
23295,SET OF 12 MINI LOAF BAKING CASES,370,0.01891891891891892,0.18909177947606834,0.17017286055714942
23355,HOT WATER BOTTLE KEEP CALM,740,0.01891891891891892,0.536677031633306,0.5177581127143871
23454,SET OF 3 MINI HANGING PORTRAITS,53,0.018867924528301886,0.054962266546289835,0.036094342017987946
21084,SET/6 COLLAGE PAPER CUPS,106,0.018867924528301886,0.032029069523949696,0.01316114499564781
22136,LOVE HEART SOCK HANGER,53,0.018867924528301886,0.5104228672241046,0.4915549426958027
22047,EMPIRE GIFT WRAP,107,0.018691588785046728,0.19260408242586233,0.1739124936408156
84692,BOX OF 24 COCKTAIL PARASOLS,375,0.018666666666666668,0.2552618918430551,0.23659522517638842
22505,MEMO BOARD COTTAGE DESIGN,268,0.018656716417910446,0.5661199076936557,0.5474631912757453
21361,LOVE LARGE WOOD LETTERS ,54,0.018518518518518517,0.6260024810524701,0.6074839625339516
85232D,SET/3 DECOUPAGE STACKING TINS,54,0.018518518518518517,0.5541535728017805,0.535635054283262
22808,SET OF 6 T-LIGHTS EASTER CHICKS,54,0.018518518518518517,0.5748887692965792,0.5563702507780607
22650,CERAMIC PIRATE CHEST MONEY BANK,108,0.018518518518518517,0.6338392105661216,0.6153206920476031
22158,3 HEARTS HANGING DECORATION RUSTIC,270,0.018518518518518517,0.2919959916014041,0.2734774730828856
22439,6 ROCKET BALLOONS ,163,0.018404907975460124,0.16957266785726693,0.1511677598818068
21385,IVORY HANGING DECORATION  HEART,218,0.01834862385321101,0.15220005378839127,0.13385142993518026
84347,ROTATING SILVER ANGELS T-LIGHT HLDR,327,0.01834862385321101,0.5442556408327524,0.5259070169795413
84836,ZINC METAL HEART DECORATION,491,0.018329938900203666,0.6123801638895472,0.5940502249893436
23014,GLASS APOTHECARY BOTTLE ELIXIR,164,0.018292682926829267,0.7290738750729283,0.710781192146099
23382,BOX OF 6 CHRISTMAS CAKE DECORATIONS,164,0.018292682926829267,0.4476436735200431,0.4293509905932138
23286,BLUE VINTAGE SPOT BEAKER,164,0.018292682926829267,0.5619353170194056,0.5436426340925763
22469,HEART OF WICKER SMALL,985,0.018274111675126905,0.5604917636005657,0.5422176519254388
84997B,RED 3 PIECE RETROSPOT CUTLERY SET,330,0.01818181818181818,0.53416661844597,0.5159848002641518
22148,EASTER CRAFT 4 CHICKS ,165,0.01818181818181818,0.34371857660573213,0.32553675842391394
23556,LANDMARK FRAME COVENT GARDEN ,55,0.01818181818181818,0.2520988951624954,0.2339170769806772
22339,CHRISTMAS TREE PAINTED ZINC ,55,0.01818181818181818,0.01658733747598008,-0.001594480705838102
21561,DINOSAUR LUNCH BOX WITH CUTLERY,168,0.017857142857142856,0.5223200372082771,0.5044628943511342
22313,OFFICE MUG WARMER PINK,56,0.017857142857142856,0.23935180535372594,0.2214946624965831
22673,FRENCH GARDEN SIGN BLUE METAL,113,0.017699115044247787,0.8053072862825097,0.7876081712382619
22535,MAGIC DRAWING SLATE BUNNIES ,113,0.017699115044247787,0.13483594433998725,0.11713682929573946
22564,ALPHABET STENCIL CRAFT,170,0.01764705882352941,0.7903860069037651,0.7727389480802357
23154,SET OF 4 JAM JAR MAGNETS,228,0.017543859649122806,0.13240669937823868,0.11486283972911587
22652,TRAVEL SEWING KIT,399,0.017543859649122806,0.3916787328878585,0.3741348732387357
20832,RED FLOCK LOVE HEART PHOTO FRAME,57,0.017543859649122806,0.13942686022782838,0.12188300057870557
23189,SET OF 12 FORK CANDLES,114,0.017543859649122806,0.5155371131091029,0.4979932534599801
22734,SET OF 6 RIBBONS VINTAGE CHRISTMAS,343,0.01749271137026239,0.2402801449867639,0.2227874336165015
22921,HERB MARKER CHIVES ,172,0.01744186046511628,0.0803542021987782,0.06291234173366192
22189,CREAM HEART CARD HOLDER,459,0.017429193899782137,0.7146205005082819,0.6971913066084997
21621,VINTAGE UNION JACK BUNTING,402,0.017412935323383085,0.554557853605239,0.537144918281856
70007,HI TEC ALPINE HAND WARMER,58,0.017241379310344827,0.6474665912268114,0.6302252119164665
22704,WRAP RED APPLES ,174,0.017241379310344827,0.2792215961101692,0.2619802167998244
22321,BIRD DECORATION RED RETROSPOT,58,0.017241379310344827,0.037177947389522695,0.019936568079177867
22079,RIBBON REEL HEARTS DESIGN ,233,0.017167381974248927,0.5420157756815476,0.5248483937072986
22561,WOODEN SCHOOL COLOURING SET,408,0.01715686274509804,0.42166978547748885,0.4045129227323908
22614,PACK OF 12 SPACEBOY TISSUES,175,0.017142857142857144,0.2345103912023923,0.21736753405953516
84971S,SMALL HEART FLOWERS HOOK ,117,0.017094017094017096,0.14873486493185292,0.13164084783783583
22150,3 STRIPEY MICE FELTCRAFT,413,0.01694915254237288,0.2650502638604172,0.2481011113180443
22250,DECORATION  BUTTERFLY  MAGIC GARDEN,59,0.01694915254237288,0.4535402152396511,0.4365910626972782
22287,"DECORATION , WOBBLY CHICKEN, METAL ",59,0.01694915254237288,0.6249828661673669,0.608033713624994
23480,MINI LIGHTS WOODLAND MUSHROOMS,179,0.01675977653631285,0.4217018924250908,0.404942115888778
22508,DOORSTOP RETROSPOT HEART,240,0.016666666666666666,0.5081541069371502,0.4914874402704836
22944,CHRISTMAS METAL POSTCARD WITH BELLS,60,0.016666666666666666,0.26741977594518124,0.2507531092785146
23405,HOME SWEET HOME 2 DRAWER CABINET,60,0.016666666666666666,0.5902907181114182,0.5736240514447515
10135,COLOURING PENCILS BROWN TUBE,121,0.01652892561983471,0.8089900479691443,0.7924611223493097
85061W,WHITE JEWELLED HEART DECORATION,121,0.01652892561983471,0.16424568959837285,0.14771676397853814
23013,GLASS APOTHECARY BOTTLE TONIC,182,0.016483516483516484,0.7208227891885278,0.7043392727050113
46000S,POLYESTER FILLER PAD 40x40cm,182,0.016483516483516484,0.04258163443013767,0.026098117946621185
48185,DOORMAT FAIRY CAKE,244,0.01639344262295082,0.3043425639058983,0.2879491212829475
22062,CERAMIC BOWL WITH LOVE HEART DESIGN,62,0.016129032258064516,0.3435399275764682,0.32741089531840367
84819,DANISH ROSE ROUND SEWING BOX,62,0.016129032258064516,0.5990535023786412,0.5829244701205767
23093,SMALL PARISIENNE HEART PHOTO FRAME ,124,0.016129032258064516,0.17603638179930353,0.15990734954123903
23513,EMBROIDERED RIBBON REEL SUSIE ,62,0.016129032258064516,0.7652756985930985,0.749146666335034
23414,ZINC BOX SIGN HOME,62,0.016129032258064516,0.5231913913099986,0.5070623590519341
23299,FOOD COVER WITH BEADS SET 2 ,124,0.016129032258064516,0.7738190440206744,0.7576900117626099
85036A,GARDENIA 1 WICK MORRIS BOXED CANDLE,62,0.016129032258064516,0.1889126710143808,0.1727836387563163
23514,EMBROIDERED RIBBON REEL SALLY ,62,0.016129032258064516,0.7620424204203768,0.7459133881623123
23076,ICE CREAM SUNDAE LIP GLOSS,249,0.01606425702811245,0.04519787270869139,0.029133615680578942
20983,12 PENCILS TALL TUBE RED RETROSPOT,250,0.016,0.353727337621856,0.33772733762185597
22515,CHILDS GARDEN SPADE PINK,63,0.015873015873015872,0.06703226555640263,0.051159249683386754
21917,SET 12 KIDS  WHITE CHALK STICKS,189,0.015873015873015872,0.18136540159318446,0.16549238572016858
22940,FELTCRAFT CHRISTMAS FAIRY,315,0.015873015873015872,0.47024628640712135,0.4543732705341055
23158,SET OF 5 LUCKY CAT MAGNETS ,189,0.015873015873015872,0.5990535023786412,0.5831804865056254
22644,CERAMIC CHERRY CAKE MONEY BANK,190,0.015789473684210527,0.8009582424886149,0.7851687688044043
82551,LAUNDRY 15C METAL SIGN,255,0.01568627450980392,0.4795914171197686,0.4639051426099647
22282,12 EGG HOUSE PAINTED WOOD,64,0.015625,0.5822067921367359,0.5665817921367359
84884A,ANT WHITE WIRE HEART SPIRAL,64,0.015625,0.4898404516262221,0.4742154516262221
22567,20 DOLLY PEGS RETROSPOT,192,0.015625,0.8054480329105859,0.7898230329105859
22406,MONEY BOX KINGS CHOICE DESIGN,64,0.015625,0.6101072781887874,0.5944822781887874
21756,BATH BUILDING BLOCK WORD,256,0.015625,0.2887668969825204,0.2731418969825204
22196,SMALL HEART MEASURING SPOONS,259,0.015444015444015444,0.47907155095859366,0.4636275355145782
22219,LOVEBIRD HANGING DECORATION WHITE ,324,0.015432098765432098,0.34265833212689367,0.32722623336146156
22918,HERB MARKER PARSLEY,195,0.015384615384615385,0.0803542021987782,0.06496958681416282
22471,TV DINNER TRAY AIR HOSTESS ,65,0.015384615384615385,0.47024628640712135,0.45486167102250596
22217,T-LIGHT HOLDER HANGING LACE,65,0.015384615384615385,0.5256157645981312,0.5102311492135159
20961,STRAWBERRY BATH SPONGE ,130,0.015384615384615385,0.7715871274289119,0.7562025120442966
23284,DOORMAT KEEP CALM AND COME IN,655,0.015267175572519083,0.26349649054129753,0.24822931496877845
22789,T-LIGHT HOLDER SWEETHEART HANGING,131,0.015267175572519083,0.24666929713951194,0.23140212156699286
22555,PLASTERS IN TIN STRONGMAN,461,0.015184381778741865,0.5220948421119894,0.5069104603332476
23312,VINTAGE CHRISTMAS GIFT SACK,198,0.015151515151515152,0.0586999878149136,0.043548472663398445
23222,CHRISTMAS TREE HANGING GOLD,66,0.015151515151515152,0.46406028623292667,0.44890877108141153
22917,HERB MARKER ROSEMARY,198,0.015151515151515152,0.0803542021987782,0.06520268704726305
23398,HANGING HEART BONHEUR,66,0.015151515151515152,0.4535402152396511,0.43838870008813596
22495,SET OF 2 ROUND TINS CAMEMBERT ,66,0.015151515151515152,0.25028737673791335,0.2351358615863982
85152,HAND OVER THE CHOCOLATE   SIGN ,596,0.015100671140939598,0.48402098552908457,0.46892031438814497
84992,72 SWEETHEART FAIRY CAKE CASES,531,0.015065913370998116,0.13942686022782838,0.12436094685683026
23051,RECYCLED ACAPULCO MAT BLUE,133,0.015037593984962405,0.3628350729610117,0.3477974789760493
22771,CLEAR DRAWER KNOB ACRYLIC EDWARDIAN,334,0.014970059880239521,0.024744074045553732,0.009774014165314211
16161U,WRAP SUKI AND FRIENDS,134,0.014925373134328358,0.18475643290926058,0.16983105977493224
21494,ROTATING LEAVES T-LIGHT HOLDER,134,0.014925373134328358,0.6479762171522955,0.6330508440179671
22483,RED GINGHAM TEDDY BEAR ,134,0.014925373134328358,0.29500568496150437,0.280080311827176
85231G,ORANGE SCENTED SET/9 T-LIGHTS,67,0.014925373134328358,0.2541736575124037,0.23924828437807533
23293,SET OF 12 FAIRY CAKE BAKING CASES,475,0.014736842105263158,0.2387965349189315,0.22405969281366833
21015,DARK BIRD HOUSE TREE DECORATION,68,0.014705882352941176,0.327983893629988,0.3132780112770468
23358,HOT STUFF HOT WATER BOTTLE,68,0.014705882352941176,0.5513949401020333,0.5366890577490921
22837,HOT WATER BOTTLE BABUSHKA ,136,0.014705882352941176,0.41829870816283454,0.40359282580989336
23161,REGENCY CAKE FORK,68,0.014705882352941176,0.6994563584018345,0.6847504760488934
21650,ASSORTED TUTTI FRUTTI BRACELET,68,0.014705882352941176,0.01516104721942612,0.0004551648664849438
22588,CARD HOLDER GINGHAM HEART,137,0.014598540145985401,0.2165665291055798,0.2019679889595944
22668,PINK BABY BUNTING,207,0.014492753623188406,0.5958594560921885,0.5813667024690001
22045,SPACEBOY GIFT WRAP,207,0.014492753623188406,0.2603564343061793,0.24586368068299086
22537,MAGIC DRAWING SLATE DINOSAUR,138,0.014492753623188406,0.01963823991948419,0.0051454862962957825
21588,RETROSPOT GIANT TUBE MATCHES,138,0.014492753623188406,0.08569864716418578,0.07120589354099738
21788,KIDS RAIN MAC BLUE,69,0.014492753623188406,0.16578966857069616,0.15129691494750774
22706,WRAP COWBOYS  ,69,0.014492753623188406,0.17237298913067745,0.15788023550748903
22934,BAKING MOULD EASTER EGG WHITE CHOC,69,0.014492753623188406,0.29280690873254955,0.27831415510936114
22965,3 TRADITIONAL COOKIE CUTTERS  SET,209,0.014354066985645933,0.5167657949742465,0.5024117279886006
22496,SET OF 2 ROUND TINS DUTCH CHEESE,70,0.014285714285714285,0.4989734714899392,0.4846877572042249
22615,PACK OF 12 CIRCUS PARADE TISSUES ,70,0.014285714285714285,0.3201012888783583,0.305815574592644
22208,WOOD STAMP SET THANK YOU,210,0.014285714285714285,0.3099386330061971,0.2956529187204828
22810,SET OF 6 T-LIGHTS SNOWMEN,141,0.014184397163120567,0.2462745379679061,0.23209014080478554
82600,NO SINGING METAL SIGN,423,0.014184397163120567,0.11251922839258349,0.09833483122946293
21469,POLKA DOT RAFFIA FOOD COVER,71,0.014084507042253521,0.7493673796365629,0.7352828725943094
48116,DOORMAT MULTICOLOUR STRIPE,142,0.014084507042253521,0.20940903362865435,0.19532452658640082
23346,SPACEBOY BEAKER,142,0.014084507042253521,0.6101072781887874,0.5960227711465339
22599,CHRISTMAS MUSICAL ZINC STAR,71,0.014084507042253521,0.23726219245256075,0.22317768541030722
22296,HEART IVORY TRELLIS LARGE,284,0.014084507042253521,0.3856063230904602,0.3715218160482067
47590A,BLUE HAPPY BIRTHDAY BUNTING,356,0.014044943820224719,0.36328131323298823,0.34923636941276354
22748,POPPY'S PLAYHOUSE KITCHEN,357,0.014005602240896359,0.34351440642129155,0.3295088041803952
21918,SET 12 KIDS COLOUR  CHALK STICKS,286,0.013986013986013986,0.1873240532184768,0.17333803923246283
23412,HEART MIRROR ANTIQUE WHITE,72,0.013888888888888888,0.15608616591802796,0.14219727702913906
23226,FILIGREE HEART DAISY WHITE,72,0.013888888888888888,0.5444008410255741,0.5305119521366852
22712,CARD DOLLY GIRL ,216,0.013888888888888888,0.35935608506342276,0.34546719617453386
22822,CREAM WALL PLANTER HEART SHAPED,145,0.013793103448275862,0.44779189498526367,0.43399879153698784
20750,RED RETROSPOT MINI CASES,367,0.013623978201634877,0.35578639192744826,0.3421624137258134
22187,GREEN CHRISTMAS TREE CARD HOLDER,147,0.013605442176870748,0.25028737673791335,0.2366819345610426
22930,BAKING MOULD HEART MILK CHOCOLATE,147,0.013605442176870748,0.5215098374300056,0.5079043952531348
21088,SET/6 FRUIT SALAD PAPER CUPS,74,0.013513513513513514,0.028253628117380726,0.014740114603867212
23536,VILLAGE SHOW WALL ART,74,0.013513513513513514,0.33742845100209623,0.3239149374885827
48138,DOORMAT UNION FLAG,520,0.013461538461538462,0.3226683123288712,0.30920677386733275
22402,MAGNETS PACK OF 4 VINTAGE COLLAGE,149,0.013422818791946308,0.12600617171099318,0.11258335291904688
22111,SCOTTIE DOG HOT WATER BOTTLE,671,0.013412816691505217,0.5762553879059082,0.5628425712144031
16169E,WRAP 50'S  CHRISTMAS,150,0.013333333333333334,0.1929232457638826,0.17958991243054925
85176,SEWING SUSAN 21 NEEDLE SET,75,0.013333333333333334,0.17221214832658294,0.1588788149932496
21260,FIRST AID TIN,150,0.013333333333333334,0.10494717292287871,0.09161383958954537
22744,MAKE YOUR OWN MONSOON CARD KIT,150,0.013333333333333334,0.26782502287033827,0.25449168953700496
22569,FELTCRAFT CUSHION BUTTERFLY,301,0.013289036544850499,0.05618094899869844,0.042891912453847936
22896,PEG BAG APPLES DESIGN,226,0.01327433628318584,0.509371054655728,0.4960967183725421
23066,SMALL DECO JEWELLERY STAND,76,0.013157894736842105,0.24824514603099246,0.23508725129415037
22466,FAIRY TALE COTTAGE NIGHTLIGHT,152,0.013157894736842105,0.5722057407708576,0.5590478460340155
84596F,SMALL MARSHMALLOWS PINK BOWL,304,0.013157894736842105,0.18136540159318446,0.16820750685634234
21892,TRADITIONAL WOODEN CATCH CUP GAME ,305,0.013114754098360656,0.6123801638895472,0.5992654097911866
22329,ROUND CONTAINER SET OF 5 RETROSPOT,153,0.013071895424836602,0.47542233208252827,0.46235043665769165
21059,PARTY INVITES DINOSAURS,77,0.012987012987012988,0.0269722739455075,0.013985260958494512
21824,PAINTED METAL STAR WITH HOLLY BELLS,77,0.012987012987012988,0.11595851105475295,0.10297149806773996
22074,6 RIBBONS SHIMMERING PINKS ,77,0.012987012987012988,0.393848204188503,0.38086119120149003
23491,VINTAGE JINGLE BELLS HEART,77,0.012987012987012988,0.03496162391390056,0.02197461092688757
23077,DOUGHNUT LIP GLOSS ,309,0.012944983818770227,0.5230229235069724,0.5100779396882023
21903,MAN FLU METAL SIGN,155,0.012903225806451613,0.5764158762887276,0.563512650482276
22736,RIBBON REEL MAKING SNOWMEN ,155,0.012903225806451613,0.483645332756596,0.4707421069501444
21439,BASKET OF TOADSTOOLS,78,0.01282051282051282,0.03502788665772821,0.022207373837215393
23153,ZINC SWEETHEART WIRE LETTER RACK,78,0.01282051282051282,0.7582997536368837,0.745479240816371
21479,WHITE SKULL HOT WATER BOTTLE ,391,0.01278772378516624,0.5049473606213526,0.49215963683618635
21380,WOODEN HAPPY BIRTHDAY GARLAND,235,0.01276595744680851,0.5667937398242235,0.554027782377415
23228,FILIGREE HEART BIRD WHITE ,79,0.012658227848101266,0.8151290931282854,0.8024708652801842
22582,PACK OF 6 SWEETIE GIFT BOXES,79,0.012658227848101266,0.2499026977724097,0.23724446992430842
22533,MAGIC DRAWING SLATE BAKE A CAKE ,79,0.012658227848101266,0.18901613221975797,0.1763579043716567
20886,BOX OF 9 PEBBLE CANDLES,79,0.012658227848101266,0.46722357874604026,0.454565350897939
22476,EMPIRE UNION JACK TV DINNER TRAY,79,0.012658227848101266,0.3938180572487063,0.381159829400605
23444,Next Day Carriage,79,0.012658227848101266,0.6070420812493371,0.5943838534012359
23233,WRAP POPPIES  DESIGN,159,0.012578616352201259,0.1702639731078822,0.15768535675568093
21677,HEARTS  STICKERS,80,0.0125,0.34265833212689367,0.33015833212689366
21110,LARGE CAKE TOWEL PINK SPOTS,80,0.0125,0.3056145982037595,0.2931145982037595
23164,REGENCY CAKE SLICE,80,0.0125,0.7165796806288094,0.7040796806288094
23268,SET OF 2 CERAMIC CHRISTMAS REINDEER,80,0.0125,0.5604917636005657,0.5479917636005658
51014A,"FEATHER PEN,HOT PINK",161,0.012422360248447204,0.2035553591358692,0.191132998887422
23192,BUNDLE OF 3 ALPHABET EXERCISE BOOKS,324,0.012345679012345678,0.3916787328878585,0.3793330538755128
22908,PACK OF 20 NAPKINS RED APPLES,324,0.012345679012345678,0.48258385052629277,0.4702381715139471
23452,HEART MINI PORTRAIT FRAME,81,0.012345679012345678,0.47392676375755954,0.46158108474521387
16235,RECYCLED PENCIL WITH RABBIT ERASER,81,0.012345679012345678,0.020286004644883063,0.007940325632537385
21391,FRENCH LAVENDER SCENT HEART,81,0.012345679012345678,0.46406028623292667,0.451714607220581
84029G,KNITTED UNION FLAG HOT WATER BOTTLE,326,0.012269938650306749,0.4976693199713499,0.48539938132104316
22745,POPPY'S PLAYHOUSE BEDROOM ,326,0.012269938650306749,0.25855131653417224,0.24628137788386548
23034,DRAWER KNOB CERAMIC BLACK,82,0.012195121951219513,0.8467618973774884,0.8345667754262689
21495,SKULLS AND CROSSBONES WRAP,165,0.012121212121212121,0.3039869639005288,0.2918657517793167
23392,SPACEBOY ROCKET LOLLY MAKERS,83,0.012048192771084338,0.6793964306915543,0.6673482379204699
21012,ANTIQUE ALL GLASS CANDLESTICK,83,0.012048192771084338,0.0720575437318578,0.060009350960773464
21224,SET/4 SKULL BADGES,83,0.012048192771084338,0.019649016816230526,0.007600824045146188
22419,LIPSTICK PEN RED,166,0.012048192771084338,0.24997967804807836,0.237931485276994
22132,RED LOVE HEART SHAPE CUP,83,0.012048192771084338,0.29190505454691734,0.279856861775833
21164,HOME SWEET HOME METAL SIGN ,250,0.012,0.278219872866839,0.266219872866839
23535,BICYCLE SAFTEY WALL ART,167,0.011976047904191617,0.39624109567720606,0.38426504777301446
47503A,ASS FLORAL PRINT MULTI SCREWDRIVER,168,0.011904761904761904,0.18136540159318446,0.16946063968842257
21383,PACK OF 12 STICKY BUNNIES,84,0.011904761904761904,0.022264305238627113,0.010359543333865209
23377,PACK OF 12 DOLLY GIRL TISSUES,84,0.011904761904761904,0.018994280783716254,0.00708951887895435
85174,S/4 CACTI CANDLES,84,0.011904761904761904,0.37912536044867695,0.36722059854391503
21916,SET 12 RETRO WHITE CHALK STICKS,255,0.011764705882352941,0.24487905957510922,0.2331143536927563
22068,BLACK PIRATE TREASURE CHEST,85,0.011764705882352941,0.5924720498795565,0.5807073439972036
21624,VINTAGE UNION JACK DOORSTOP,85,0.011764705882352941,0.4585902136633972,0.44682550778104424
22746,POPPY'S PLAYHOUSE LIVINGROOM ,257,0.011673151750972763,0.3146005947709556,0.3029274430199828
22249,DECORATION WHITE CHICK MAGIC GARDEN,86,0.011627906976744186,0.3484331871002983,0.3368052801235541
22023,EMPIRE BIRTHDAY CARD,86,0.011627906976744186,0.1581378307559553,0.14650992377921113
85049E,SCANDINAVIAN REDS RIBBONS,347,0.011527377521613832,0.6123801638895472,0.6008527863679334
22621,TRADITIONAL KNITTING NANCY,521,0.011516314779270634,0.5220948421119894,0.5105785273327188
22949,36 DOILIES DOLLY GIRL,87,0.011494252873563218,0.017354028980122168,0.00585977610655895
85032C,CURIOUS IMAGES GIFT WRAP SET,87,0.011494252873563218,0.09340796133263297,0.08191370845906976
23290,SPACEBOY CHILDRENS BOWL,174,0.011494252873563218,0.7074765438099074,0.6959822909363442
21700,BIG DOUGHNUT FRIDGE MAGNETS,87,0.011494252873563218,0.024618451296275958,0.01312419842271274
22144,CHRISTMAS CRAFT LITTLE FRIENDS,437,0.011441647597254004,0.31415849000600354,0.3027168424087495
23426,METAL SIGN DROP YOUR PANTS,175,0.011428571428571429,0.5869926384660467,0.5755640670374752
23511,EMBROIDERED RIBBON REEL EMILY ,88,0.011363636363636364,0.543283704483898,0.5319200681202616
22027,TEA PARTY BIRTHDAY CARD,265,0.011320754716981131,0.2980485722965248,0.2867278175795437
84378,SET OF 3 HEART COOKIE CUTTERS,532,0.011278195488721804,0.811583294414385,0.8003050989256633
23375,50'S CHRISTMAS PAPER GIFT BAG,89,0.011235955056179775,0.2243170959863717,0.21308114093019193
35953,FOLKART STAR CHRISTMAS DECORATIONS,89,0.011235955056179775,0.3282170315090561,0.3169810764528763
22025,RING OF ROSES BIRTHDAY CARD,89,0.011235955056179775,0.2792215961101692,0.2679856410539895
21212,PACK OF 72 RETROSPOT CAKE CASES,1068,0.011235955056179775,0.318804813876227,0.30756885882004725
22449,SILK PURSE BABUSHKA PINK,89,0.011235955056179775,0.202430856802814,0.19119490174663423
22215,CAKE STAND WHITE TWO TIER LACE,89,0.011235955056179775,0.18215192985449727,0.1709159747983175
22413,METAL SIGN TAKE IT OR LEAVE IT ,358,0.0111731843575419,0.5790623579777096,0.5678891736201677
22809,SET OF 6 T-LIGHTS SANTA,179,0.0111731843575419,0.3327577272178015,0.3215845428602596
23190,BUNDLE OF 3 SCHOOL EXERCISE BOOKS  ,180,0.011111111111111112,0.3928128898587044,0.38170177874759326
22116,METAL SIGN HIS DINNER IS SERVED,90,0.011111111111111112,0.3435399275764682,0.33242881646535705
22141,CHRISTMAS CRAFT TREE TOP ANGEL,360,0.011111111111111112,0.3628617809766034,0.35175066986549225
22855,FINE WICKER HEART ,180,0.011111111111111112,0.6336609585486056,0.6225498474374945
23354,6 GIFT TAGS 50'S CHRISTMAS ,271,0.01107011070110701,0.1893543304304386,0.1782842197293316
22738,RIBBON REEL SNOWY VILLAGE,181,0.011049723756906077,0.5256333969802819,0.5145836732233758
22081,RIBBON REEL FLORA + FAUNA ,91,0.01098901098901099,0.6331105245126014,0.6221215135235905
21390,FILIGRIS HEART WITH BUTTERFLY,183,0.01092896174863388,0.6338392105661216,0.6229102488174877
85071A,BLUE CHARLIE+LOLA PERSONAL DOORSIGN,92,0.010869565217391304,0.07724177010347885,0.06637220488608755
21790,VINTAGE SNAP CARDS,736,0.010869565217391304,0.34265833212689367,0.3317887669095024
21058,PARTY INVITES WOODLAND,92,0.010869565217391304,0.5112344720268233,0.5003649068094319
21896,POTTING SHED TWINE,92,0.010869565217391304,0.33463323168493686,0.32376366646754556
23351,ROLL WRAP 50'S CHRISTMAS,278,0.01079136690647482,0.6071175727986113,0.5963262058921365
21883,STARS GIFT TAPE ,93,0.010752688172043012,0.13558219174946448,0.12482950357742147
23065,LARGE DECO JEWELLERY STAND,93,0.010752688172043012,0.3631206319689289,0.3523679437968859
22228,BUNNY WOODEN PAINTED WITH BIRD ,94,0.010638297872340425,0.19631787157798503,0.1856795737056446
23267,SET OF 4 SANTA PLACE SETTINGS,94,0.010638297872340425,0.032067231816130276,0.02142893394378985
23323,WHITE WICKER STAR ,282,0.010638297872340425,0.057322545345416136,0.04668424747307571
22155,STAR DECORATION RUSTIC,94,0.010638297872340425,0.01859220436129006,0.007953906488949636
84596B,SMALL DOLLY MIX DESIGN ORANGE BOWL,379,0.010554089709762533,0.19720568876609273,0.1866515990563302
22737,RIBBON REEL CHRISTMAS PRESENT ,190,0.010526315789473684,0.5794236567828495,0.5688973409933757
84012,MAGIC SHEEP WOOL GROWING FROM PAPER,95,0.010526315789473684,0.5308484854667987,0.520322169677325
22131,FOOD CONTAINER SET 3 LOVE HEART ,190,0.010526315789473684,0.5663599216336265,0.5558336058441528
21908,CHOCOLATE THIS WAY METAL SIGN,381,0.010498687664041995,0.46006276791126216,0.44956408024722017
23156,SET OF 5 MINI GROCERY MAGNETS,191,0.010471204188481676,0.11204501683952693,0.10157381265104526
23316,RED REFECTORY CLOCK ,96,0.010416666666666666,0.6695000384069844,0.6590833717403177
23490,T-LIGHT HOLDER HANGING LOVE BIRD,96,0.010416666666666666,0.03166865467367153,0.02125198800700487
84832,ZINC WILLIE WINKIE  CANDLE STICK,192,0.010416666666666666,0.6080147420513298,0.5975980753846631
23188,VINTAGE  2 METER FOLDING RULER,288,0.010416666666666666,0.483645332756596,0.4732286660899293
23400,SHELF WITH 4 HOOKS HOME SWEET HOME,96,0.010416666666666666,0.16874563150631267,0.158328964839646
23445,ICE CREAM BUBBLES,96,0.010416666666666666,0.22342919059542607,0.2130125239287594
23461,SWEETHEART BIRD HOUSE,96,0.010416666666666666,0.02390663229873718,0.013489965632070515
21786,POLKADOT RAIN HAT ,97,0.010309278350515464,0.18136540159318446,0.171056123242669
22291,HANGING CHICK CREAM DECORATION,97,0.010309278350515464,0.01095941134329011,0.0006501329927746467
84991,60 TEATIME FAIRY CAKE CASES,691,0.010130246020260492,0.29318493566242737,0.2830546896421669
22708,WRAP DOLLY GIRL,99,0.010101010101010102,0.1647598444456116,0.15465883434460148
23122,PARTY CHARMS 50 PIECES,99,0.010101010101010102,0.18363508046913052,0.1735340703681204
21507,"ELEPHANT, BIRTHDAY CARD, ",199,0.010050251256281407,0.29243056118894795,0.28238030993266655
21880,RED RETROSPOT TAPE,100,0.01,0.27422487805108164,0.26422487805108164
23321,SMALL WHITE HEART OF WICKER,605,0.009917355371900827,0.3943261345084277,0.3844087791365269
22026,BANQUET BIRTHDAY  CARD  ,101,0.009900990099009901,0.20755416526837828,0.19765317516936837
22853,CAT BOWL VINTAGE CREAM,101,0.009900990099009901,0.14773477986427372,0.1378337897652638
22711,WRAP CIRCUS PARADE,101,0.009900990099009901,0.24404646448553433,0.23414547438652442
22491,PACK OF 12 COLOURED PENCILS,203,0.009852216748768473,0.15929601597056434,0.14944379922179588
21123,SET/10 IVORY POLKADOT PARTY CANDLES,102,0.00980392156862745,0.5872481745898607,0.5774442530212333
21389,IVORY HANGING DECORATION  BIRD,102,0.00980392156862745,0.014184621109477182,0.004380699540849731
21524,DOORMAT SPOTTY HOME SWEET HOME,410,0.00975609756097561,0.40105759601387514,0.3913014984528995
21991,BOHEMIAN COLLAGE STATIONERY SET,103,0.009708737864077669,0.36964373076144674,0.3599349928973691
22694,WICKER STAR ,312,0.009615384615384616,0.07793090005379541,0.0683155154384108
22284,HEN HOUSE DECORATION,104,0.009615384615384616,0.04098562681955068,0.031370242204166066
23424,GINGHAM RECIPE BOOK BOX,104,0.009615384615384616,0.6072250071548807,0.5976096225394961
21745,GAOLERS KEYS DECORATIVE GARDEN ,209,0.009569377990430622,0.7290738750729283,0.7195044970824976
22378,WALL TIDY RETROSPOT ,105,0.009523809523809525,0.6445308566347839,0.6350070471109744
23372,SET 36 COLOUR PENCILS DOLLY GIRL,105,0.009523809523809525,0.36985285118809574,0.3603290416642862
22731,3D CHRISTMAS STAMPS STICKERS ,106,0.009433962264150943,0.5688620804423394,0.5594281181781885
22948,METAL DECORATION NAUGHTY CHILDREN ,106,0.009433962264150943,0.2541736575124037,0.24473969524825273
23083,SET 6 PAPER TABLE LANTERN STARS ,213,0.009389671361502348,0.7513198614443679,0.7419301900828655
23320,GIANT 50'S CHRISTMAS CRACKER,321,0.009345794392523364,0.5223200372082771,0.5129742428157538
21499,BLUE POLKADOT WRAP,216,0.009259259259259259,0.2612039140087751,0.25194465474951583
47599B,BLUE PARTY BAGS ,108,0.009259259259259259,0.6051698918722515,0.5959106326129922
21932,SCANDINAVIAN PAISLEY PICNIC BAG,327,0.009174311926605505,0.5485228320751977,0.5393485201485921
85071B,RED CHARLIE+LOLA PERSONAL DOORSIGN,110,0.00909090909090909,0.0927714101217089,0.08368050103079981
23054,RECYCLED ACAPULCO MAT LAVENDER,110,0.00909090909090909,0.38396232094318766,0.37487141185227857
23437, 50'S CHRISTMAS GIFT BAG LARGE,111,0.009009009009009009,0.03019614491370754,0.021187135904698534
85231B,CINAMMON SET OF 9 T-LIGHTS,111,0.009009009009009009,0.07394170560827495,0.06493269659926594
22983,CARD BILLBOARD FONT,333,0.009009009009009009,0.26638480636825873,0.2573757973592497
23103,BELL HEART DECORATION,334,0.008982035928143712,0.41685007192301415,0.4078680359948704
21899,"KEY FOB , GARAGE DESIGN",224,0.008928571428571428,0.12916104792072858,0.12023247649215715
84536A,ENGLISH ROSE NOTEBOOK A7 SIZE,225,0.008888888888888889,0.20056203388912627,0.19167314500023738
22977,DOLLY GIRL CHILDRENS EGG CUP,113,0.008849557522123894,0.7903860069037651,0.7815364493816412
23370,SET 36 COLOUR PENCILS DOILEY,113,0.008849557522123894,0.017927505155252196,0.009077947633128303
22689,DOORMAT MERRY CHRISTMAS RED ,113,0.008849557522123894,0.5431558466811123,0.5343062891589884
22585,PACK OF 6 BIRDY GIFT TAGS,340,0.008823529411764706,0.8197070548315033,0.8108835254197386
22757,LARGE RED BABUSHKA NOTEBOOK ,114,0.008771929824561403,0.3377576001864894,0.32898567036192805
21470,FLOWER VINE RAFFIA FOOD COVER,115,0.008695652173913044,0.7233709260522053,0.7146752738782923
22613,PACK OF 20 SPACEBOY NAPKINS,115,0.008695652173913044,0.33541860435034393,0.3267229521764309
22349,DOG BOWL CHASING BALL DESIGN,116,0.008620689655172414,0.5647507272411655,0.5561300375859931
21124,SET/10 BLUE POLKADOT PARTY CANDLES,232,0.008620689655172414,0.05130121854215701,0.04268052888698459
22468,BABUSHKA LIGHTS STRING OF 10,116,0.008620689655172414,0.22100813508194336,0.21238744542677096
22121,NOEL WOODEN BLOCK LETTERS ,116,0.008620689655172414,0.13700196003868748,0.12838127038351507
23230,WRAP ALPHABET DESIGN,233,0.008583690987124463,0.2603564343061793,0.2517727433190548
22412,METAL SIGN NEIGHBOURHOOD WITCH ,117,0.008547008547008548,0.1030388586080661,0.09449185006105755
84828,JUNGLE POPSICLES ICE LOLLY HOLDERS,117,0.008547008547008548,0.8345235483167109,0.8259765397697024
23376,PACK OF 12 VINTAGE CHRISTMAS TISSUE,118,0.00847457627118644,0.014945098830956419,0.006470522559769978
22096,PINK PAISLEY SQUARE TISSUE BOX ,118,0.00847457627118644,0.10937022491644273,0.10089564864525628
23508,MINI PLAYING CARDS DOLLY GIRL ,118,0.00847457627118644,0.1251841199222981,0.11670954365111166
23356,LOVE HOT WATER BOTTLE,473,0.008456659619450317,0.34440835214200566,0.33595169252255536
23109,LED TEA LIGHTS,237,0.008438818565400843,0.31768725418477695,0.3092484356193761
22274,FELTCRAFT DOLL EMILY,238,0.008403361344537815,0.3803615649790012,0.37195820363446336
48184,DOORMAT ENGLISH ROSE ,358,0.008379888268156424,0.26349649054129753,0.2551166022731411
23541,WALL ART CLASSIC PUDDINGS ,120,0.008333333333333333,0.24824514603099246,0.23991181269765913
22609,PENS ASSORTED SPACEBALL,121,0.008264462809917356,0.019572029515211257,0.011307566705293901
23493,VINTAGE DOILY TRAVEL SEWING KIT,364,0.008241758241758242,0.02594737404950758,0.01770561580774934
85049G,CHOCOLATE BOX RIBBONS ,244,0.00819672131147541,0.6118931803542295,0.603696459042754
22653,BUTTON BOX ,122,0.00819672131147541,0.36764605360803043,0.359449332296555
23208,LUNCH BAG VINTAGE LEAF DESIGN,615,0.008130081300813009,0.5546466235061411,0.5465165422053281
10133,COLOURING PENCILS BROWN TUBE,124,0.008064516129032258,0.5024709788534212,0.49440646272438893
21872,GLAMOROUS  MUG,124,0.008064516129032258,0.6282666222698199,0.6202021061407876
22557,PLASTERS IN TIN VINTAGE PAISLEY ,498,0.008032128514056224,0.24402296455132522,0.235990836037269
23213,STAR WREATH DECORATION WITH BELL,125,0.008,0.6024275796386971,0.5944275796386971
22075,6 RIBBONS ELEGANT CHRISTMAS ,125,0.008,0.37461239757864345,0.36661239757864345
22594,CHRISTMAS GINGHAM TREE,126,0.007936507936507936,0.2344555050170325,0.22651899708052456
23270,SET OF 2 CERAMIC PAINTED HEARTS ,126,0.007936507936507936,0.7903860069037651,0.7824494989672572
22209,WOOD STAMP SET HAPPY BIRTHDAY,126,0.007936507936507936,0.529504050283552,0.521567542347044
23090,VINTAGE GLASS T-LIGHT HOLDER,126,0.007936507936507936,0.23724027891469104,0.2293037709781831
48188,DOORMAT WELCOME PUPPIES,253,0.007905138339920948,0.20940903362865435,0.2015038952887334
22365,DOORMAT RESPECTABLE HOUSE,127,0.007874015748031496,0.3055696138758203,0.29769559812778884
22751,FELTCRAFT PRINCESS OLIVIA DOLL,255,0.00784313725490196,0.5647507272411655,0.5569075899862636
23053,RECYCLED ACAPULCO MAT PINK,130,0.007692307692307693,0.4005726949374653,0.3928803872451576
22792,FLUTED ANTIQUE CANDLE HOLDER,130,0.007692307692307693,0.4810591224711515,0.4733668147788438
22750,FELTCRAFT PRINCESS LOLA DOLL,391,0.0076726342710997444,0.5184919679647504,0.5108193336936506
22024,RAINY LADIES BIRTHDAY CARD,131,0.007633587786259542,0.2980485722965248,0.29041498451026526
22603,CHRISTMAS RETROSPOT TREE WOOD,131,0.007633587786259542,0.14819320131741953,0.14055961353115998
22080,RIBBON REEL POLKADOTS ,131,0.007633587786259542,0.5294109752239959,0.5217773874377364
23285,PINK VINTAGE SPOT BEAKER,132,0.007575757575757576,0.5226431158304613,0.5150673582547037
22211,WOOD STAMP SET FLOWERS,132,0.007575757575757576,0.3099386330061971,0.30236287543043955
21523,DOORMAT FANCY FONT HOME SWEET HOME,398,0.007537688442211055,0.2169194802105367,0.20938179176832564
22099,CARAVAN SQUARE TISSUE BOX,133,0.007518796992481203,0.051568734700651514,0.04404993770817031
21114,LAVENDER SCENTED FABRIC HEART,133,0.007518796992481203,0.8151290931282854,0.8076102961358043
23133,LARGE IVORY HEART WALL ORGANISER,134,0.007462686567164179,0.36359940235371035,0.35613671578654615
23265,SET OF 3 WOODEN TREE DECORATIONS,270,0.007407407407407408,0.6066920218555033,0.5992846144480959
22113,GREY HEART HOT WATER BOTTLE,540,0.007407407407407408,0.4976693199713499,0.49026191256394247
21829,DINOSAUR KEYRINGS ASSORTED,135,0.007407407407407408,0.02303384915308381,0.015626441745676404
22091,EMPIRE TISSUE BOX,135,0.007407407407407408,0.11185807266844602,0.10445066526103862
23434,3 RAFFIA RIBBONS 50'S CHRISTMAS ,136,0.007352941176470588,0.35679795161576794,0.3494450104392974
72760B,VINTAGE CREAM 3 BASKET CAKE STAND,136,0.007352941176470588,0.6143567146977491,0.6070037735212785
85049A,TRADITIONAL CHRISTMAS RIBBONS,274,0.0072992700729927005,0.6666982465574656,0.6593989764844729
23345, DOLLY GIRL BEAKER,138,0.007246376811594203,0.5881611000602887,0.5809147232486944
21716,BOYS VINTAGE TIN SEASIDE BUCKET,139,0.007194244604316547,0.5462404067722789,0.5390461621679624
22175,PINK OWL SOFT TOY,141,0.0070921985815602835,0.25162005998639503,0.24452786140483473
21975,PACK OF 60 DINOSAUR CAKE CASES,566,0.007067137809187279,0.12225963067949776,0.11519249287031048
21934,SKULL SHOULDER BAG,143,0.006993006993006993,0.5974679518729444,0.5904749448799375
84030E,ENGLISH ROSE HOT WATER BOTTLE,287,0.006968641114982578,0.5501652348682187,0.543196593753236
22975,SPACEBOY CHILDRENS EGG CUP,144,0.006944444444444444,0.8197070548315033,0.8127626103870589
22436,12 COLOURED PARTY BALLOONS,145,0.006896551724137931,0.17515332950564547,0.16825677778150755
21755,LOVE BUILDING BLOCK WORD,580,0.006896551724137931,0.19354731924766494,0.186650767523527
22600,CHRISTMAS RETROSPOT STAR WOOD,145,0.006896551724137931,0.15929601597056434,0.15239946424642642
21718,RED METAL BEACH SPADE ,145,0.006896551724137931,0.8450667305266183,0.8381701788024803
21508,VINTAGE KID DOLLY CARD ,146,0.00684931506849315,0.380655836084019,0.3738065210155258
22440,BALLOON WATER BOMB PACK OF 35,146,0.00684931506849315,0.15413320036312275,0.1472838852946296
47599A,PINK PARTY BAGS,146,0.00684931506849315,0.5885778042467782,0.581728489178285
35471D,SET OF 3 BIRD LIGHT PINK FEATHER ,148,0.006756756756756757,0.2612627644572229,0.25450600770046616
21484,CHICK GREY HOT WATER BOTTLE,297,0.006734006734006734,0.7146205005082819,0.7078864937742751
22851,SET 20 NAPKINS FAIRY CAKES DESIGN ,297,0.006734006734006734,0.3878848315356591,0.38115082480165235
23287,RED VINTAGE SPOT BEAKER,149,0.006711409395973154,0.45981502586088324,0.4531036164649101
22499,WOODEN UNION JACK BUNTING,299,0.006688963210702341,0.49072022646951635,0.484031263258814
84510A,SET OF 4 ENGLISH ROSE COASTERS,151,0.006622516556291391,0.7933249720059066,0.7867024554496151
22097,SWALLOW SQUARE TISSUE BOX,152,0.006578947368421052,0.23732959634606077,0.23075064897763972
20674,GREEN POLKADOT BOWL,152,0.006578947368421052,0.8054480329105859,0.7988690855421648
23390,DOLLY GIRL MINI BACKPACK,153,0.006535947712418301,0.04619134692985856,0.03965539921744026
85014B,RED RETROSPOT UMBRELLA,306,0.006535947712418301,0.2047888845339232,0.19825293682150488
22986,GINGHAM ROSE WRAP,154,0.006493506493506494,0.2603564343061793,0.2538629278126728
84988,SET OF 72 PINK HEART PAPER DOILIES,309,0.006472491909385114,0.5711660593035149,0.5646935673941298
84997C,BLUE 3 PIECE POLKADOT CUTLERY SET,309,0.006472491909385114,0.5475462819387421,0.541073790029357
21158,MOODY GIRL DOOR HANGER ,155,0.0064516129032258064,0.042942287089724446,0.03649067418649864
22714,CARD BIRTHDAY COWBOY,155,0.0064516129032258064,0.16818876548685383,0.16173715258362803
22713,CARD I LOVE LONDON ,155,0.0064516129032258064,0.24363344982451493,0.23718183692128914
21889,WOODEN BOX OF DOMINOES,466,0.006437768240343348,0.811583294414385,0.8051455261740417
21878,PACK OF 6 SANDCASTLE FLAGS ASSORTED,157,0.006369426751592357,0.4810591224711515,0.47468969571955916
21122,SET/10 PINK POLKADOT PARTY CANDLES,315,0.006349206349206349,0.8246955201451163,0.8183463137959099
21584,RETROSPOT SMALL TUBE MATCHES,159,0.006289308176100629,0.20945798190961493,0.2031686737335143
22663,JUMBO BAG DOLLY GIRL DESIGN,318,0.006289308176100629,0.45178414811282935,0.4454948399367287
22775,PURPLE DRAWERKNOB ACRYLIC EDWARDIAN,161,0.006211180124223602,0.8072723669174884,0.8010611867932648
22110,BIRD HOUSE HOT WATER BOTTLE,163,0.006134969325153374,0.23935180535372594,0.23321683602857257
21791,VINTAGE HEADS AND TAILS CARD GAME ,491,0.006109979633401222,0.7903860069037651,0.7842760272703639
23129,HEART SHAPED HOLLY WREATH,165,0.006060606060606061,0.5603839983981311,0.554323392337525
22142,CHRISTMAS CRAFT WHITE FAIRY ,333,0.006006006006006006,0.37413199338803615,0.3681259873820302
21811,CHRISTMAS HANGING HEART WITH BELL,167,0.005988023952095809,0.07385420331043029,0.06786617935833447
22188,BLACK HEART CARD HOLDER,167,0.005988023952095809,0.7208227891885278,0.714834765236432
22669,RED BABY BUNTING ,167,0.005988023952095809,0.2593286205330009,0.2533405965809051
21902,"KEY FOB , FRONT  DOOR ",167,0.005988023952095809,0.12916104792072858,0.12317302396863276
22866,HAND WARMER SCOTTY DOG DESIGN,502,0.00597609561752988,0.08306079139663959,0.07708469577910972
22759,SET OF 3 NOTEBOOKS IN PARCEL,336,0.005952380952380952,0.3696527419678813,0.36370036101550035
21498,RED RETROSPOT WRAP ,336,0.005952380952380952,0.2603564343061793,0.25440405335379834
16237,SLEEPING CAT ERASERS,169,0.005917159763313609,0.02141693985368348,0.015499780090369873
85199S,SMALL HANGING IVORY/RED WOOD BIRD,170,0.0058823529411764705,0.24997967804807836,0.24409732510690188
22692,DOORMAT WELCOME TO OUR HOME,340,0.0058823529411764705,0.11649116061710175,0.11060880767592529
21213,PACK OF 72 SKULL CAKE CASES,511,0.005870841487279843,0.2850399982590565,0.27916915677177667
21770,OPEN CLOSED METAL SIGN,344,0.005813953488372093,0.5541535728017805,0.5483396193134084
21121,SET/10 RED POLKADOT PARTY CANDLES,344,0.005813953488372093,0.03370446312190159,0.027890509633529497
21179,NO JUNK MAIL METAL SIGN,174,0.005747126436781609,0.11497815099428935,0.10923102455750774
23396,BUTTERFLY CUSHION COVER,175,0.005714285714285714,0.06569933847392763,0.059985052759641916
22161,HEART DECORATION RUSTIC HANGING ,175,0.005714285714285714,0.02140500360878143,0.015690717894495717
22082,RIBBON REEL STRIPES DESIGN ,352,0.005681818181818182,0.3314193779376324,0.3257375597558142
48173C,DOORMAT BLACK FLOCK ,176,0.005681818181818182,0.16660063947326603,0.16091882129144786
23050,RECYCLED ACAPULCO MAT GREEN,176,0.005681818181818182,0.353964056616622,0.3482822384348038
20984,12 PENCILS TALL TUBE POSY,176,0.005681818181818182,0.3335686910525072,0.327886872870689
22437,SET OF 9 BLACK SKULL BALLOONS,177,0.005649717514124294,0.45981502586088324,0.45416530834675894
48111,DOORMAT 3 SMILEY CATS,177,0.005649717514124294,0.24251225313282632,0.23686253561870202
47504K,ENGLISH ROSE GARDEN SECATEURS,179,0.00558659217877095,0.34307751116528395,0.337490918986513
23497,CLASSIC CHROME BICYCLE BELL ,179,0.00558659217877095,0.8345235483167109,0.8289369561379399
22602,CHRISTMAS RETROSPOT HEART WOOD,181,0.0055248618784530384,0.17221214832658294,0.1666872864481299
21136,PAINTED METAL PEARS ASSORTED,362,0.0055248618784530384,0.5256333969802819,0.5201085351018289
23005,TRAVEL CARD WALLET I LOVE LONDON,182,0.005494505494505495,0.14332888143993885,0.13783437594543335
23569,TRADTIONAL ALPHABET STAMP SET,184,0.005434782608695652,0.536677031633306,0.5312422490246104
20978,36 PENCILS TUBE SKULLS,185,0.005405405405405406,0.02042714959689881,0.015021744191493405
23313,VINTAGE CHRISTMAS BUNTING,371,0.005390835579514825,0.31479342627617657,0.30940259069666176
22530,MAGIC DRAWING SLATE DOLLY GIRL ,186,0.005376344086021506,0.13781342711568237,0.13243708302966087
22028,PENNY FARTHING BIRTHDAY CARD,187,0.0053475935828877,0.2980485722965248,0.2927009787136371
22966,GINGERBREAD MAN COOKIE CUTTER,572,0.005244755244755245,0.8200099830719821,0.8147652278272269
21172,PARTY METAL SIGN ,383,0.005221932114882507,0.16527244193878682,0.1600505098239043
22084,PAPER CHAIN KIT EMPIRE,383,0.005221932114882507,0.31768725418477695,0.3124653220698944
21981,PACK OF 12 WOODLAND TISSUES ,195,0.005128205128205128,0.3477446536912284,0.3426164485630233
20718,RED RETROSPOT SHOPPER BAG,390,0.005128205128205128,0.8151290931282854,0.8100008880000803
23534,STOP FOR TEA WALL ART,196,0.00510204081632653,0.4476062092063705,0.442504168390044
20751,FUNKY WASHING UP GLOVES ASSORTED,197,0.005076142131979695,0.03756420844934347,0.03248806631736377
22616,PACK OF 12 LONDON TISSUES ,397,0.005037783375314861,0.2759742396136575,0.27093645623834267
22417,PACK OF 60 SPACEBOY CAKE CASES,420,0.004761904761904762,0.15502511759360088,0.1502632128316961
23330,DECORATIVE WICKER HEART MEDIUM,210,0.004761904761904762,0.017963652807029093,0.01320174804512433
23389,SPACEBOY MINI BACKPACK,212,0.0047169811320754715,0.059234591180655195,0.054517610048579725
22739,RIBBON REEL CHRISTMAS SOCK BAUBLE,212,0.0047169811320754715,0.5132812414709164,0.5085642603388408
21993,FLORAL FOLK STATIONERY SET,212,0.0047169811320754715,0.4216603544637424,0.4169433733316669
84997D,PINK 3 PIECE POLKADOT CUTLERY SET,429,0.004662004662004662,0.5725863357126452,0.5679243310506406
23052,RECYCLED ACAPULCO MAT TURQUOISE,221,0.004524886877828055,0.06962827792849192,0.06510339105066387
22435,SET OF 9 HEART SHAPED BALLOONS,221,0.004524886877828055,0.6680361792059943,0.6635112923281663
23100,SILVER BELLS TABLE DECORATION,222,0.0045045045045045045,0.029290228044269295,0.02478572353976479
82578,KITCHEN METAL SIGN,224,0.004464285714285714,0.12225963067949776,0.11779534496521205
22195,LARGE HEART MEASURING SPOONS,228,0.0043859649122807015,0.565104773966157,0.5607188090538763
23333,IVORY WICKER HEART MEDIUM,232,0.004310344827586207,0.016484765326284945,0.012174420498698739
20717,STRAWBERRY SHOPPER BAG,236,0.00423728813559322,0.8054480329105859,0.8012107447749927
21034,REX CASH+CARRY JUMBO SHOPPER,952,0.004201680672268907,0.004745478389631483,0.000543797717362576
23367,SET 12 COLOUR PENCILS SPACEBOY ,238,0.004201680672268907,0.07371403101262368,0.06951235034035477
22904,CALENDAR PAPER CUT DESIGN,241,0.004149377593360996,0.40633220939426934,0.40218283180090836
48194,DOORMAT HEARTS,484,0.004132231404958678,0.07734857528554497,0.07321634388058629
84987,SET OF 36 TEATIME PAPER DOILIES,242,0.004132231404958678,0.5628974903350634,0.5587652589301048
23329,DECORATIVE WICKER HEART LARGE,243,0.00411522633744856,0.3943261345084277,0.39021090817097914
21901,"KEY FOB , BACK DOOR ",244,0.004098360655737705,0.1438027386483253,0.1397043779925876
22895,SET OF 2 TEA TOWELS APPLE AND PEARS,245,0.004081632653061225,0.40633220939426934,0.4022505767412081
16161P,WRAP ENGLISH ROSE ,249,0.004016064257028112,0.1702639731078822,0.16624790885085408
21980,PACK OF 12 RED RETROSPOT TISSUES ,252,0.003968253968253968,0.3201012888783583,0.31613303491010436
21506,"FANCY FONT BIRTHDAY CARD, ",253,0.003952569169960474,0.13781342711568237,0.1338608579457219
23350,ROLL WRAP VINTAGE SPOT ,255,0.00392156862745098,0.023662486983507102,0.019740918356056122
23349,ROLL WRAP VINTAGE CHRISTMAS,257,0.0038910505836575876,0.029348601944164904,0.025457551360507317
22348,TEA BAG PLATE RED RETROSPOT,259,0.003861003861003861,0.28472142424333713,0.2808604203823333
23353,6 GIFT TAGS VINTAGE CHRISTMAS ,261,0.0038314176245210726,0.1798741491011981,0.176042731476677
21914,BLUE HARMONICA IN BOX ,527,0.003795066413662239,0.8241959192427665,0.8204008528291042
21900,"KEY FOB , SHED",270,0.003703703703703704,0.1438027386483253,0.1400990349446216
21982,PACK OF 12 SUKI TISSUES ,271,0.0036900369003690036,0.2513131188649264,0.2476230819645574
20972,PINK CREAM FELT CRAFT TRINKET BOX ,550,0.0036363636363636364,0.8241959192427665,0.8205595556064028
23332,IVORY WICKER HEART LARGE,281,0.0035587188612099642,0.26620690250880774,0.2626481836475978
21976,PACK OF 60 MUSHROOM CAKE CASES,289,0.0034602076124567475,0.12225963067949776,0.11879942306704101
20973,12 PENCIL SMALL TUBE WOODLAND,291,0.003436426116838488,0.11054767477752299,0.1071112486606845
23266,SET OF 3 WOODEN STOCKING DECORATION,297,0.003367003367003367,0.6282666222698199,0.6248996189028165
23583,LUNCH BAG PAISLEY PARK  ,311,0.003215434083601286,0.5754616390364028,0.5722462049528015
22489,PACK OF 12 TRADITIONAL CRAYONS,322,0.003105590062111801,0.2667858327742202,0.2636802427121084
22560,TRADITIONAL MODELLING CLAY,337,0.002967359050445104,0.7903860069037651,0.78741864785332
84970L,SINGLE HEART ZINC T-LIGHT HOLDER,338,0.0029585798816568047,0.4922228378637426,0.4892642579820858
22619,SET OF 6 SOLDIER SKITTLES,347,0.002881844380403458,0.6325963705080073,0.6297145261276038
21165,BEWARE OF THE CAT METAL SIGN ,367,0.0027247956403269754,0.4148116827793333,0.4120868871390063
22620,4 TRADITIONAL SPINNING TOPS,376,0.0026595744680851063,0.8054480329105859,0.8027884584425008
21080,SET/20 RED RETROSPOT PAPER NAPKINS ,753,0.0026560424966799467,0.5311668089912892,0.5285107664946093
22029,SPACEBOY BIRTHDAY CARD,397,0.0025188916876574307,0.27388440772138245,0.271365516033725
22578,WOODEN STAR CHRISTMAS SCANDINAVIAN,453,0.002207505518763797,0.025383427020417952,0.023175921501654154
22577,WOODEN HEART CHRISTMAS SCANDINAVIAN,480,0.0020833333333333333,0.20056203388912627,0.19847870055579295
48187,DOORMAT NEW ENGLAND,537,0.00186219739292365,0.2269670242503349,0.22510482685741126
22085,PAPER CHAIN KIT SKULLS ,74,0.0,0.23459611985845727,0.23459611985845727
22857,ASSORTED EASTER GIFT TAGS,61,0.0,0.5078717346023555,0.5078717346023555
22021,BLUE FELT EASTER EGG BASKET,66,0.0,0.04098562681955068,0.04098562681955068
21992,VINTAGE PAISLEY STATIONERY SET,216,0.0,0.3443312099711171,0.3443312099711171
21990,MODERN FLORAL STATIONERY SET,186,0.0,0.47542233208252827,0.47542233208252827
21989,PACK OF 20 SKULL PAPER NAPKINS,211,0.0,0.49741973440405945,0.49741973440405945
21949,SET OF 6 STRAWBERRY CHOPSTICKS,59,0.0,0.7602249921566416,0.7602249921566416
21948,SET OF 6 CAKE CHOPSTICKS,56,0.0,0.5924720498795565,0.5924720498795565
21947,SET OF 6 HEART CHOPSTICKS,88,0.0,0.7602249921566416,0.7602249921566416
22877,NUMBER TILE COTTAGE GARDEN 9,13,0.0,0.008406384115377759,0.008406384115377759
22876,NUMBER TILE COTTAGE GARDEN 8,11,0.0,0.011204574345016663,0.011204574345016663
22875,NUMBER TILE COTTAGE GARDEN 7,14,0.0,0.009356428368242449,0.009356428368242449
22874,NUMBER TILE COTTAGE GARDEN 6,12,0.0,0.009246204540004004,0.009246204540004004
22873,NUMBER TILE COTTAGE GARDEN 5,13,0.0,0.008402183062087218,0.008402183062087218
22872,NUMBER TILE COTTAGE GARDEN 4,13,0.0,0.009351757012209536,0.009351757012209536
22871,NUMBER TILE COTTAGE GARDEN 3 ,10,0.0,0.008402183062087218,0.008402183062087218
22870,NUMBER TILE COTTAGE GARDEN 2,17,0.0,0.010829226195545702,0.010829226195545702
22869,NUMBER TILE COTTAGE GARDEN 1,19,0.0,0.006076712066518477,0.006076712066518477
22868,NUMBER TILE COTTAGE GARDEN 0 ,11,0.0,0.009351757012209536,0.009351757012209536
22862,LOVE HEART NAPKIN BOX ,46,0.0,0.03328114981431077,0.03328114981431077
22861,EASTER TIN CHICKS IN GARDEN,38,0.0,0.07643606233263113,0.07643606233263113
22886,NUMBER TILE VINTAGE FONT 7,13,0.0,0.34048782934304334,0.34048782934304334
22884,NUMBER TILE VINTAGE FONT 5,16,0.0,0.25252959610671577,0.25252959610671577
22881,NUMBER TILE VINTAGE FONT 2,13,0.0,0.4589310166234545,0.4589310166234545
22880,NUMBER TILE VINTAGE FONT 1,12,0.0,0.19879382745115184,0.19879382745115184
22878,NUMBER TILE COTTAGE GARDEN No,11,0.0,0.007162621846621331,0.007162621846621331
21984,PACK OF 12 PINK PAISLEY TISSUES ,162,0.0,0.2513131188649264,0.2513131188649264
21983,PACK OF 12 BLUE PAISLEY TISSUES ,124,0.0,0.327983893629988,0.327983893629988
21973,SET OF 36 MUSHROOM PAPER DOILIES,30,0.0,0.01958976392644703,0.01958976392644703
21972,SET OF 36 DINOSAUR PAPER DOILIES,39,0.0,0.013601137831091627,0.013601137831091627
21967,PACK OF 12 SKULL TISSUES,180,0.0,0.3477446536912284,0.3477446536912284
21955,DOORMAT UNION JACK GUNS AND ROSES,158,0.0,0.2044381967856747,0.2044381967856747
22903,CALENDAR FAMILY FAVOURITES,32,0.0,0.2579523395401938,0.2579523395401938
22898,CHILDRENS APRON APPLES DESIGN,284,0.0,0.5398726734855472,0.5398726734855472
22894,TABLECLOTH RED APPLES DESIGN ,110,0.0,0.6282089034440316,0.6282089034440316
22078,RIBBON REEL LACE DESIGN ,152,0.0,0.06945209493350638,0.06945209493350638
22076,6 RIBBONS EMPIRE  ,114,0.0,0.7077653444677914,0.7077653444677914
22721,SET OF 3 CAKE TINS SKETCHBOOK,249,0.0,0.5833480720972669,0.5833480720972669
22717,CARD DOG AND BALL ,87,0.0,0.2080701964130818,0.2080701964130818
22716,CARD CIRCUS PARADE,215,0.0,0.27928675608194714,0.27928675608194714
22715,CARD WEDDING DAY,98,0.0,0.14903670802603133,0.14903670802603133
22709,WRAP WEDDING DAY,39,0.0,0.218640263171866,0.218640263171866
22887,NUMBER TILE VINTAGE FONT 8,11,0.0,0.19879382745115184,0.19879382745115184
22707,WRAP MONSTER FUN ,47,0.0,0.02626589894245541,0.02626589894245541
22703,PINK CAT BOWL,40,0.0,0.22535114436155115,0.22535114436155115
22702,BLACK AND WHITE CAT BOWL,43,0.0,0.5624778975843043,0.5624778975843043
22696,WICKER WREATH LARGE,130,0.0,0.22472726297827664,0.22472726297827664
22695,WICKER WREATH SMALL,98,0.0,0.6662423120315462,0.6662423120315462
22688,DOORMAT PEACE ON EARTH BLUE,27,0.0,0.10922823627633445,0.10922823627633445
22687,DOORMAT CHRISTMAS VILLAGE,35,0.0,0.5921078678329667,0.5921078678329667
22906,12 MESSAGE CARDS WITH ENVELOPES,200,0.0,0.39625710178699725,0.39625710178699725
22905,CALENDAR IN SEASON DESIGN,69,0.0,0.2579523395401938,0.2579523395401938
20967,GREY FLORAL FELTCRAFT SHOULDER BAG,76,0.0,0.03183233267678117,0.03183233267678117
20966,SANDWICH BATH SPONGE,41,0.0,0.021250894557431132,0.021250894557431132
20963,APPLE BATH SPONGE,126,0.0,0.7764804978065933,0.7764804978065933
20941,FROG CANDLE,18,0.0,0.01207561924438902,0.01207561924438902
21922,UNION STRIPE WITH FRINGE  HAMMOCK,169,0.0,0.10639894791404896,0.10639894791404896
22931,BAKING MOULD HEART WHITE CHOCOLATE,113,0.0,0.5223200372082771,0.5223200372082771
21946,PARTY TIME DESIGN FLANNEL,11,0.0,0.24246002963178204,0.24246002963178204
21945,STRAWBERRIES  DESIGN FLANNEL ,30,0.0,0.20160820415738495,0.20160820415738495
21944,KITTENS DESIGN FLANNEL,34,0.0,0.057427186796119,0.057427186796119
21943,CAKES AND RABBITS DESIGN FLANNEL ,10,0.0,0.022178578633698782,0.022178578633698782
21912,VINTAGE SNAKES & LADDERS,271,0.0,0.5257558081735626,0.5257558081735626
21905,MORE BUTTER METAL SIGN ,111,0.0,0.7665555350174179,0.7665555350174179
21904,HOUSE WRECKING METAL SIGN ,25,0.0,0.026708145374802483,0.026708145374802483
22104,MIRROR MOSAIC CANDLE PLATE,12,0.0,0.7248280593272364,0.7248280593272364
22100,SKULLS SQUARE TISSUE BOX,40,0.0,0.028716238882015285,0.028716238882015285
22093,MOTORING TISSUE BOX,160,0.0,0.22789274718675095,0.22789274718675095
22092,BLUE PAISLEY TISSUE BOX,90,0.0,0.08522555667414028,0.08522555667414028
22089,PAPER BUNTING VINTAGE PAISLEY,184,0.0,0.27033167134512137,0.27033167134512137
22671,FRENCH LAUNDRY SIGN BLUE METAL,104,0.0,0.5952518157418805,0.5952518157418805
21894,POTTING SHED SEED ENVELOPES,75,0.0,0.751566046871749,0.751566046871749
21884,CAKES AND BOWS GIFT  TAPE,44,0.0,0.1690445329029809,0.1690445329029809
21882,SKULLS TAPE,41,0.0,0.380655836084019,0.380655836084019
21881,CUTE CATS TAPE,45,0.0,0.13291070732240512,0.13291070732240512
21879,HEARTS GIFT TAPE,59,0.0,0.23726219245256075,0.23726219245256075
22955,36 FOIL STAR CAKE CASES ,112,0.0,0.40093914103259615,0.40093914103259615
22953,BIRTHDAY PARTY CORDON BARRIER TAPE,83,0.0,0.7715871274289119,0.7715871274289119
22117,METAL SIGN HER DINNER IS SERVED ,72,0.0,0.23105184837071474,0.23105184837071474
22115,METAL SIGN EMPIRE TEA,185,0.0,0.5215830449718226,0.5215830449718226
23003,TRAVEL CARD WALLET VINTAGE ROSE ,53,0.0,0.13853113101351205,0.13853113101351205
21867,PINK UNION JACK  LUGGAGE TAG,88,0.0,0.7634960315043705,0.7634960315043705
21866,UNION JACK FLAG LUGGAGE TAG,110,0.0,0.6680361792059943,0.6680361792059943
21865,PINK UNION JACK  PASSPORT COVER ,72,0.0,0.09147311143670475,0.09147311143670475
21851,LILAC DIAMANTE PEN IN GIFT BOX,15,0.0,0.12810515485794768,0.12810515485794768
21849,SILVER DIAMANTE PEN IN GIFT BOX,25,0.0,0.35127784775200105,0.35127784775200105
22985,"WRAP, BILLBOARD FONTS DESIGN",96,0.0,0.20755416526837828,0.20755416526837828
22984,CARD GINGHAM ROSE ,142,0.0,0.2612627644572229,0.2612627644572229
21832,CHOCOLATE CALCULATOR,122,0.0,0.5486385202249052,0.5486385202249052
21828,EIGHT PIECE SNAKE  SET,71,0.0,0.015220427027614515,0.015220427027614515
21826,EIGHT PIECE DINOSAUR SET,21,0.0,0.027217736314356963,0.027217736314356963
21823,PAINTED METAL HEART WITH HOLLY BELL,77,0.0,0.06162675161747262,0.06162675161747262
21819,GLITTER CHRISTMAS STAR ,129,0.0,0.2238296589763058,0.2238296589763058
21818,GLITTER CHRISTMAS HEART ,164,0.0,0.10937022491644273,0.10937022491644273
22660,DOORMAT I LOVE LONDON,69,0.0,0.07329231735647633,0.07329231735647633
22651,GENTLEMAN SHIRT REPAIR KIT ,94,0.0,0.1595708931405246,0.1595708931405246
22124,SET OF 2 TEA TOWELS PING MICROWAVE,24,0.0,0.04770892874939637,0.04770892874939637
22123,PING MICROWAVE APRON,74,0.0,0.13482594840843387,0.13482594840843387
22118,JOY WOODEN BLOCK LETTERS,80,0.0,0.26526483526530775,0.26526483526530775
21808,"CHRISTMAS GARLAND STARS,TREES",22,0.0,0.03819651104280413,0.03819651104280413
21807,WHITE CHRISTMAS STAR DECORATION,30,0.0,0.007983433315498946,0.007983433315498946
21804,WHITE CHRISTMAS GARLAND STARS TREES,41,0.0,0.03819651104280413,0.03819651104280413
21803,CHRISTMAS TREE STAR DECORATION,51,0.0,0.024300478604952668,0.024300478604952668
21793,CLASSIC FRENCH STYLE BASKET BROWN,67,0.0,0.5236813489356974,0.5236813489356974
23040,PAPER LANTERN 9 POINT SNOW STAR ,38,0.0,0.5707111211638896,0.5707111211638896
23037,CANDLE HOLDER SILVER MADELINE,18,0.0,0.19879382745115184,0.19879382745115184
23036,T-LIGHT HOLDER SILVER PETIT FOUR ,16,0.0,0.05203597703361586,0.05203597703361586
23033,DRAWER KNOB CERAMIC RED,60,0.0,0.8054480329105859,0.8054480329105859
23027,DRAWER KNOB VINTAGE GLASS HEXAGON,27,0.0,0.03321701732456859,0.03321701732456859
23021,GLASS BONNE JAM JAR,26,0.0,0.07764934474476025,0.07764934474476025
23019,SMALL APOTHECARY MEASURING JAR ,28,0.0,0.19882262452500782,0.19882262452500782
23018,LARGE APOTHECARY MEASURING JAR ,20,0.0,0.6233903076971122,0.6233903076971122
23009,I LOVE LONDON BABY GIFT SET,61,0.0,0.7066944792284131,0.7066944792284131
21841,BABY MOUSE RED GINGHAM DRESS,22,0.0,0.02945706896991746,0.02945706896991746
20735,BLACK MINI TAPE MEASURE ,30,0.0,0.4782737367217709,0.4782737367217709
23044,PAPER LANTERN 9 POINT HOLLY STAR S,27,0.0,0.07839059136726578,0.07839059136726578
23043,PAPER LANTERN 9 POINT HOLLY STAR 40,19,0.0,0.3903600101842268,0.3903600101842268
21817,GLITTER CHRISTMAS TREE,61,0.0,0.11185807266844602,0.11185807266844602
21815,STAR  T-LIGHT HOLDER ,20,0.0,0.003708542725573432,0.003708542725573432
21814,HEART T-LIGHT HOLDER ,15,0.0,0.003167560037935828,0.003167560037935828
21809,CHRISTMAS HANGING TREE WITH BELL,91,0.0,0.0655473043089023,0.0655473043089023
22108,PING! MICROWAVE PLATE,28,0.0,0.5188279237678446,0.5188279237678446
22643,SET OF 4 NAPKIN CHARMS LEAVES   ,32,0.0,0.24666929713951194,0.24666929713951194
22642,SET OF 4 NAPKIN CHARMS STARS   ,45,0.0,0.2145312718658748,0.2145312718658748
22641,SET OF 4 NAPKIN CHARMS INSTRUMENT,24,0.0,0.020715876950245633,0.020715876950245633
22640,SET OF 4 NAPKIN CHARMS 3 KEYS ,42,0.0,0.46450917556718524,0.46450917556718524
22639,SET OF 4 NAPKIN CHARMS HEARTS,131,0.0,0.08557606391168879,0.08557606391168879
23047,PAPER LANTERN 5 POINT SEQUIN STAR,26,0.0,0.3022393351745152,0.3022393351745152
23046,PAPER LANTERN 9 POINT DELUXE STAR,34,0.0,0.19036124391418824,0.19036124391418824
20762,GREEN FERN SKETCHBOOK ,51,0.0,0.4970207509805331,0.4970207509805331
20761,BLUE PAISLEY SKETCHBOOK,55,0.0,0.507413686761154,0.507413686761154
20760,GARDEN PATH POCKET BOOK,22,0.0,0.003942315273403767,0.003942315273403767
20759,CHRYSANTHEMUM POCKET BOOK ,20,0.0,0.007470781694595116,0.007470781694595116
20758,ABSTRACT CIRCLES POCKET BOOK,44,0.0,0.002614670031161597,0.002614670031161597
20757,RED DAISY POCKET BOOK ,33,0.0,0.13753480416543548,0.13753480416543548
20756,GREEN FERN POCKET BOOK,22,0.0,0.011254504862229587,0.011254504862229587
20755,BLUE PAISLEY POCKET BOOK,51,0.0,0.009204645387437703,0.009204645387437703
20748,KENSINGTON COFFEE SET,30,0.0,0.09078470250617807,0.09078470250617807
23069,EDWARDIAN PHOTO FRAME,32,0.0,0.2434031924206929,0.2434031924206929
23068,ALUMINIUM STAMPED HEART,133,0.0,0.0831511434440376,0.0831511434440376
23067,HANGING ENGRAVED METAL HEART,78,0.0,0.03260220197445648,0.03260220197445648
20839,FRENCH PAISLEY CUSHION COVER ,49,0.0,0.5066893313320091,0.5066893313320091
20837,FRENCH FLORAL CUSHION COVER ,15,0.0,0.7697713037906241,0.7697713037906241
22137,BATHROOM SET LOVE HEART DESIGN,11,0.0,0.3169030900477647,0.3169030900477647
22135,LADLE LOVE HEART PINK,49,0.0,0.22819362289854675,0.22819362289854675
22134,LADLE LOVE HEART RED ,57,0.0,0.22614850190719243,0.22614850190719243
23060,HEART BEADED TRELLIS DECORATION,41,0.0,0.029508758471983226,0.029508758471983226
23058,CHRISTMAS HANGING SNOWFLAKE,44,0.0,0.36443550243028133,0.36443550243028133
23101,SILVER STARS TABLE DECORATION,196,0.0,0.18363508046913052,0.18363508046913052
23096,PETIT TRAY CHIC,119,0.0,0.483645332756596,0.483645332756596
23088,ZINC HEART FLOWER T-LIGHT HOLDER,57,0.0,0.7907256227709298,0.7907256227709298
21784,SHOE SHINE BOX ,38,0.0,0.32293111959454845,0.32293111959454845
21773,DECORATIVE ROSE BATHROOM BOTTLE,59,0.0,0.5418040614111038,0.5418040614111038
21761,WOOD AND GLASS MEDICINE CABINET,10,0.0,0.625019898332256,0.625019898332256
21758,VINTAGE SHELLS PRINT,14,0.0,0.19541745828955653,0.19541745828955653
23070,EDWARDIAN HEART PHOTO FRAME,33,0.0,0.0794419487903989,0.0794419487903989
20782,CAMOUFLAGE EAR MUFF HEADPHONES,18,0.0,0.2016312933476747,0.2016312933476747
21742,LARGE ROUND WICKER PLATTER ,92,0.0,0.034445265014950904,0.034445265014950904
21741,COSY SLIPPER SHOES LARGE GREEN,28,0.0,0.06982473011801042,0.06982473011801042
21739,COSY SLIPPER SHOES SMALL GREEN,50,0.0,0.2526333375448535,0.2526333375448535
21738,COSY SLIPPER SHOES SMALL  RED ,22,0.0,0.015457602679421274,0.015457602679421274
21726,MULTI HEARTS  STICKERS,36,0.0,0.008600040022610578,0.008600040022610578
21725,SWEETIES  STICKERS,32,0.0,0.00974304924077052,0.00974304924077052
23116,VEGETABLE GARDEN CHOPPING BOARD,18,0.0,0.4791806800717247,0.4791806800717247
23115,RED APPLES CHOPPING BOARD   ,40,0.0,0.6369213769390283,0.6369213769390283
23107,WHITE WIRE PLANT POT HOLDER,61,0.0,0.2499026977724097,0.2499026977724097
23104,IVORY PANTRY HANGING LAMP ,44,0.0,0.551878617244896,0.551878617244896
23102,SILVER HEARTS TABLE DECORATION,144,0.0,0.13704265199924495,0.13704265199924495
10125,MINI FUNKY DESIGN TAPES,64,0.0,0.19840352953949184,0.19840352953949184
23121,PACK OF 6 COCKTAIL PARASOL STRAWS,96,0.0,0.22795171406956452,0.22795171406956452
21750,LARGE SKULL WINDMILL,17,0.0,0.012513763602780377,0.012513763602780377
21744,SNOWFLAKE PORTABLE TABLE LIGHT ,84,0.0,0.08626053348600421,0.08626053348600421
21743,STAR PORTABLE TABLE LIGHT ,32,0.0,0.14356035659142208,0.14356035659142208
22133,PINK LOVE HEART SHAPE CUP,60,0.0,0.321555556872015,0.321555556872015
22130,PARTY CONE CHRISTMAS DECORATION ,91,0.0,0.3463345795262278,0.3463345795262278
22129,PARTY CONES CANDY TREE DECORATION,37,0.0,0.645245411356928,0.645245411356928
22127,PARTY CONES CARNIVAL ASSORTED,21,0.0,0.6004829242195043,0.6004829242195043
20831,GOLD PHOTO FRAME,24,0.0,0.3313428594878698,0.3313428594878698
20830,SILVER PHOTO FRAME,20,0.0,0.0464356512168858,0.0464356512168858
20828,GLITTER BUTTERFLY CLIPS,186,0.0,0.10665459185781942,0.10665459185781942
20819,SILVER TEDDY BEAR,16,0.0,0.5542060610971636,0.5542060610971636
22157,ANGEL DECORATION WITH LACE PADDED,11,0.0,0.008819967197165319,0.008819967197165319
21709,FOLDING UMBRELLA CHOCOLATE POLKADOT,31,0.0,0.24177746486595406,0.24177746486595406
21707,FOLDING UMBRELLA BLACKBLUE POLKADOT,47,0.0,0.21729292163025124,0.21729292163025124
23151,ZINC SWEETHEART SOAP DISH,20,0.0,0.06495893804179345,0.06495893804179345
23143,ZINC WIRE KITCHEN ORGANISER,12,0.0,0.5294666571041952,0.5294666571041952
23141,TRIPLE WIRE HOOK PINK HEART,18,0.0,0.23130714788892953,0.23130714788892953
23137,ZINC WIRE SWEETHEART LETTER TRAY,20,0.0,0.41875568000435875,0.41875568000435875
23136,IVORY WIRE SWEETHEART LETTER TRAY,44,0.0,0.41875568000435875,0.41875568000435875
23135,SMALL ZINC HEART WALL ORGANISER,42,0.0,0.31708850369830566,0.31708850369830566
23134,LARGE ZINC HEART WALL ORGANISER,37,0.0,0.3000762916178784,0.3000762916178784
23125,6PC WOOD PLATE SET DISPOSABLE,16,0.0,0.5876641768818511,0.5876641768818511
23124,18PC WOODEN CUTLERY SET DISPOSABLE,24,0.0,0.5745768799948846,0.5745768799948846
21719,LOVELY BONBON STICKER SHEET,35,0.0,0.019339195182554537,0.019339195182554537
21717,EASTER TIN BUCKET,38,0.0,0.2986792832626031,0.2986792832626031
21715,GIRLS VINTAGE TIN SEASIDE BUCKET,139,0.0,0.23605521416386335,0.23605521416386335
21711,FOLDING UMBRELLA WHITE/RED POLKADOT,23,0.0,0.4791806800717247,0.4791806800717247
21710,FOLDING UMBRELLA PINKWHITE POLKADOT,31,0.0,0.06939679055857695,0.06939679055857695
22611,VINTAGE UNION JACK SHOPPING BAG,41,0.0,0.5372266389134841,0.5372266389134841
22610,PENS ASSORTED FUNNY FACE,173,0.0,0.019572029515211257,0.019572029515211257
22604,SET OF 4 NAPKIN CHARMS CUTLERY,114,0.0,0.21915765431846465,0.21915765431846465
22164,STRING OF STARS CARD HOLDER,12,0.0,0.08933335260076801,0.08933335260076801
21698,MOCK LOBSTER FRIDGE MAGNET,22,0.0,0.19720568876609273,0.19720568876609273
21695,SMALL SILVER FLOWER CANDLE POT,36,0.0,0.07181954871174903,0.07181954871174903
21694,SMALL REGAL  SILVER CANDLEPOT ,20,0.0,0.22504756640527865,0.22504756640527865
21693,SMALL HAMMERED SILVER CANDLEPOT ,45,0.0,0.014846773418862202,0.014846773418862202
21689,SILVER VANILLA  FLOWER CANDLE POT,23,0.0,0.012249555693530326,0.012249555693530326
21688,SILVER PLATE CANDLE BOWL SMALL,39,0.0,0.030514064497288353,0.030514064497288353
21684,SMALL MEDINA STAMPED METAL BOWL ,37,0.0,0.27905802182532014,0.27905802182532014
21683,MEDIUM MEDINA STAMPED METAL BOWL ,48,0.0,0.03828516229164129,0.03828516229164129
21680,WOODLAND  STICKERS,53,0.0,0.026766559418728266,0.026766559418728266
23162,REGENCY TEA STRAINER,142,0.0,0.08200082190000635,0.08200082190000635
21724,PANDA AND BUNNIES STICKER SHEET,57,0.0,0.00974304924077052,0.00974304924077052
21723,ALPHABET HEARTS STICKER SHEET,40,0.0,0.013676719239340492,0.013676719239340492
21722,SWEET PUDDING STICKER SHEET,15,0.0,0.0089529598321895,0.0089529598321895
21721,CANDY SHOP  STICKER SHEET,22,0.0,0.009150159672393233,0.009150159672393233
21662,VINTAGE GLASS COFFEE CADDY,16,0.0,0.17005749558514843,0.17005749558514843
21657,MILK BOTTLE WITH GLASS STOPPER ,15,0.0,0.09673554461123655,0.09673554461123655
21656,RIDGED GLASS POSY VASE ,17,0.0,0.01958976392644703,0.01958976392644703
21654,RIDGED GLASS FINGER BOWL,50,0.0,0.06663317723162047,0.06663317723162047
22595,CHRISTMAS GINGHAM HEART,370,0.0,0.266486917121817,0.266486917121817
22593,CHRISTMAS GINGHAM STAR,142,0.0,0.2672161421031862,0.2672161421031862
22589,CARDHOLDER GINGHAM STAR,58,0.0,0.3060872196934448,0.3060872196934448
22587,FELTCRAFT HAIRBAND RED AND BLUE,124,0.0,0.007501332489095331,0.007501332489095331
22581,WOOD STOCKING CHRISTMAS SCANDISPOT,104,0.0,0.08658306562249658,0.08658306562249658
22580,ADVENT CALENDAR GINGHAM SACK,169,0.0,0.17505507673256088,0.17505507673256088
23179,CLOCK MAGNET MUM'S KITCHEN,40,0.0,0.0627152039603714,0.0627152039603714
21706,FOLDING UMBRELLA RED/WHITE POLKADOT,69,0.0,0.3020237279165579,0.3020237279165579
21631,HIPPY CHIC DECORATIVE PARASOL,16,0.0,0.19524908497493837,0.19524908497493837
21629,SQUARE FLOOR CUSHION VINTAGE RED,27,0.0,0.3019023189077523,0.3019023189077523
23223,CHRISTMAS TREE HANGING SILVER ,70,0.0,0.07394170560827495,0.07394170560827495
23220,REINDEER HEART DECORATION GOLD,79,0.0,0.27905802182532014,0.27905802182532014
23219,LAUREL STAR ANTIQUE SILVER ,52,0.0,0.7828594911844291,0.7828594911844291
23218,LAUREL STAR ANTIQUE GOLD,33,0.0,0.6282666222698199,0.6282666222698199
23217,LAUREL HEART ANTIQUE SILVER,86,0.0,0.6680361792059943,0.6680361792059943
23216,LAUREL HEART ANTIQUE GOLD,41,0.0,0.5911217381127072,0.5911217381127072
23214,JINGLE BELL HEART ANTIQUE GOLD,98,0.0,0.20962819175810135,0.20962819175810135
21679,SKULLS  STICKERS,87,0.0,0.49832414343673065,0.49832414343673065
21678,PAISLEY PATTERN  STICKERS,16,0.0,0.006315945965657649,0.006315945965657649
21676,FLOWERS  STICKERS,32,0.0,0.3844277408702716,0.3844277408702716
21666,RIDGED GLASS T-LIGHT HOLDER,33,0.0,0.039563682541094124,0.039563682541094124
21664,RIDGED GLASS STORAGE JAR CREAM LID,19,0.0,0.08648345459350586,0.08648345459350586
21640,ASSORTED TUTTI FRUTTI  FOB NOTEBOOK,53,0.0,0.32921091327120583,0.32921091327120583
21638,ASSORTED TUTTI FRUTTI NOTEBOOK,32,0.0,0.013093965967343267,0.013093965967343267
21636,MADRAS NOTEBOOK MEDIUM,78,0.0,0.13704265199924495,0.13704265199924495
22579,WOODEN TREE CHRISTMAS SCANDINAVIAN,288,0.0,0.20755416526837828,0.20755416526837828
22575,METAL MERRY CHRISTMAS WREATH,79,0.0,0.37522979730281375,0.37522979730281375
22574,HEART WOODEN CHRISTMAS DECORATION,160,0.0,0.286257445488393,0.286257445488393
22573,STAR WOODEN CHRISTMAS DECORATION,156,0.0,0.17221214832658294,0.17221214832658294
22572,ROCKING HORSE GREEN CHRISTMAS ,133,0.0,0.3847066985151085,0.3847066985151085
22566,FELTCRAFT HAIRBAND PINK AND PURPLE,124,0.0,0.14819320131741953,0.14819320131741953
22565,FELTCRAFT HAIRBANDS PINK AND WHITE ,110,0.0,0.13136336940285923,0.13136336940285923
22562,MONSTERS STENCIL CRAFT,196,0.0,0.6118931803542295,0.6118931803542295
21635,MADRAS NOTEBOOK LARGE ,15,0.0,0.5489385829458402,0.5489385829458402
21634,ASSORTED MINI MADRAS NOTEBOOK,23,0.0,0.1462740667159873,0.1462740667159873
21627,ELEPHANT CARNIVAL POUFFE,24,0.0,0.5478535566685766,0.5478535566685766
21625,VINTAGE UNION JACK APRON,118,0.0,0.13407619603483145,0.13407619603483145
21620,SET OF 4 ROSE BOTANICAL CANDLES,131,0.0,0.26311998020454513,0.26311998020454513
21619,4 VANILLA BOTANICAL CANDLES,125,0.0,0.3701217799749797,0.3701217799749797
21618,4 WILDFLOWER BOTANICAL CANDLES,58,0.0,0.23024410406528698,0.23024410406528698
21617,4 LILY  BOTANICAL DINNER CANDLES,80,0.0,0.45595062435542566,0.45595062435542566
21616,4 PEAR BOTANICAL DINNER CANDLES,108,0.0,0.24402296455132522,0.24402296455132522
21615,4 LAVENDER BOTANICAL DINNER CANDLES,104,0.0,0.24402296455132522,0.24402296455132522
21613,S/12 VANILLA  BOTANICAL T-LIGHTS,38,0.0,0.11082694895432608,0.11082694895432608
21609,SET 12 LAVENDER  BOTANICAL T-LIGHTS,75,0.0,0.10278152644403202,0.10278152644403202
23231,WRAP DOILEY DESIGN,257,0.0,0.2413162042262303,0.2413162042262303
21651,HANGING GLASS ETCHED TEALIGHT,11,0.0,0.5306838947814883,0.5306838947814883
21648,ASSORTED TUTTI FRUTTI SMALL PURSE,33,0.0,0.6969153938243893,0.6969153938243893
21641,ASSORTED TUTTI FRUTTI KEYRING BALL,23,0.0,0.2850399982590565,0.2850399982590565
21580,RABBIT  DESIGN  COTTON TOTE BAG,24,0.0,0.14283007044538468,0.14283007044538468
21576,LETS GO SHOPPING COTTON TOTE BAG,46,0.0,0.1038677906970238,0.1038677906970238
21563,RED HEART SHAPE LOVE BUCKET ,134,0.0,0.509371054655728,0.509371054655728
21562,HAWAIIAN GRASS SKIRT ,25,0.0,0.7697628238318509,0.7697628238318509
22559,SEASIDE FLYING DISC,39,0.0,0.8151290931282854,0.8151290931282854
22549,PICTURE DOMINOES,250,0.0,0.5220948421119894,0.5220948421119894
22548,HEADS AND TAILS SPORTING FUN,184,0.0,0.6118931803542295,0.6118931803542295
22185,SLATE TILE NATURAL HANGING,130,0.0,0.5029414488923575,0.5029414488923575
22174,PHOTO CUBE,178,0.0,0.626838594136333,0.626838594136333
22544,MINI JIGSAW SPACEBOY,128,0.0,0.1251841199222981,0.1251841199222981
20716,PARTY FOOD SHOPPER BAG,35,0.0,0.04519787270869139,0.04519787270869139
23271,CHRISTMAS TABLE CANDLE SILVER SPIKE,78,0.0,0.5041583686616331,0.5041583686616331
23269,SET OF 2 CERAMIC CHRISTMAS TREES,79,0.0,0.8197070548315033,0.8197070548315033
21557,SET OF 6 FUNKY BEAKERS,52,0.0,0.14383128245196933,0.14383128245196933
21555,CERAMIC STRAWBERRY TRINKET TRAY,12,0.0,0.09884621166660408,0.09884621166660408
21547,CERAMIC BIRDHOUSE CRESTED TIT SMALL,17,0.0,0.004424556417178077,0.004424556417178077
21544,SKULLS  WATER TRANSFER TATTOOS ,115,0.0,0.3647085479478574,0.3647085479478574
21592,RETROSPOT CIGAR BOX MATCHES ,225,0.0,0.3625664796394283,0.3625664796394283
21587,COSY HOUR GIANT TUBE MATCHES,30,0.0,0.03668871301270475,0.03668871301270475
21586,KINGS CHOICE GIANT TUBE MATCHES,66,0.0,0.2035864983740314,0.2035864983740314
22529,MAGIC DRAWING SLATE GO TO THE FAIR ,62,0.0,0.22669956097128793,0.22669956097128793
22525,CHILDRENS GARDEN GLOVES PINK,52,0.0,0.049406315649869734,0.049406315649869734
22524,CHILDRENS GARDEN GLOVES BLUE,66,0.0,0.04528647067300885,0.04528647067300885
22521,CHILDS GARDEN TROWEL PINK,100,0.0,0.017644339416290362,0.017644339416290362
21497,FANCY FONTS BIRTHDAY WRAP,232,0.0,0.21834804298269478,0.21834804298269478
23282,FOLDING BUTTERFLY MIRROR IVORY ,104,0.0,0.14873486493185292,0.14873486493185292
23281,FOLDING BUTTERFLY MIRROR RED  ,94,0.0,0.08713078694172803,0.08713078694172803
23280,FOLDING BUTTERFLY MIRROR HOT PINK ,135,0.0,0.37536948481464855,0.37536948481464855
23272,TREE T-LIGHT HOLDER WILLIE WINKIE,35,0.0,0.5599864311432633,0.5599864311432633
23308,SET OF 60 VINTAGE LEAF CAKE CASES ,317,0.0,0.13942686022782838,0.13942686022782838
21518,BANK ACCOUNT  GREETING  CARD ,17,0.0,0.12822945975166936,0.12822945975166936
21509,COWBOYS AND INDIANS BIRTHDAY CARD ,203,0.0,0.2666995217435638,0.2666995217435638
21504,SKULLS GREETING CARD,97,0.0,0.22795171406956452,0.22795171406956452
21500,PINK POLKADOT WRAP ,213,0.0,0.2589964828050771,0.2589964828050771
22543,MINI JIGSAW BAKE A CAKE ,41,0.0,0.29460449077840445,0.29460449077840445
22541,MINI JIGSAW LEAP FROG,22,0.0,0.2567876889932378,0.2567876889932378
22540,MINI JIGSAW CIRCUS PARADE ,65,0.0,0.21414815516882943,0.21414815516882943
22539,MINI JIGSAW DOLLY GIRL,90,0.0,0.1251841199222981,0.1251841199222981
22538,MINI JIGSAW GO TO THE FAIR,27,0.0,0.10266668758407843,0.10266668758407843
22534,MAGIC DRAWING SLATE SPACEBOY ,207,0.0,0.2080701964130818,0.2080701964130818
22532,MAGIC DRAWING SLATE LEAP FROG ,68,0.0,0.13781342711568237,0.13781342711568237
22531,MAGIC DRAWING SLATE CIRCUS PARADE  ,166,0.0,0.1251841199222981,0.1251841199222981
23337,EGG FRYING PAN MINT ,60,0.0,0.0537757066209658,0.0537757066209658
23336,EGG FRYING PAN PINK ,65,0.0,0.5990535023786412,0.5990535023786412
23334,IVORY WICKER HEART SMALL,101,0.0,0.04191486587294842,0.04191486587294842
23331,DECORATIVE WICKER HEART SMALL,86,0.0,0.03318363177460854,0.03318363177460854
23326,HANGING MINI COLOURED BOTTLES,56,0.0,0.15979911785260595,0.15979911785260595
23317,BLUE REFECTORY CLOCK ,71,0.0,0.6909885729515169,0.6909885729515169
23310,BUBBLEGUM RING ASSORTED,214,0.0,0.3110407080192075,0.3110407080192075
23366,SET 12 COLOURING PENCILS DOILY,145,0.0,0.07385420331043029,0.07385420331043029
23365,SET 12 COLOUR PENCILS LOVE LONDON,133,0.0,0.0641537261707833,0.0641537261707833
23360,SET 8 CANDLES VINTAGE DOILEY,112,0.0,0.543051794908133,0.543051794908133
23359,SET OF 12 T-LIGHTS VINTAGE DOILEY,77,0.0,0.5393631174578613,0.5393631174578613
23357,HOT WATER BOTTLE SEX BOMB,91,0.0,0.4805664617360749,0.4805664617360749
23352,ROLL WRAP 50'S RED CHRISTMAS ,165,0.0,0.017927505155252196,0.017927505155252196
23341,PINK DINER WALL CLOCK,99,0.0,0.3450383853465264,0.3450383853465264
23340,VINTAGE CHRISTMAS CAKE FRILL,124,0.0,0.556173690465505,0.556173690465505
23339,EGG FRYING PAN BLUE ,58,0.0,0.0824639875725404,0.0824639875725404
20869,GOLD FABRIC MIRROR,18,0.0,0.006077925971693797,0.006077925971693797
20868,SILVER FABRIC MIRROR,31,0.0,0.04226374279729713,0.04226374279729713
20867,PINK ROSE FABRIC MIRROR,25,0.0,0.36443550243028133,0.36443550243028133
20847,ZINC HEART LATTICE CHARGER LARGE,14,0.0,0.07287387911652742,0.07287387911652742
20846,ZINC HEART LATTICE T-LIGHT HOLDER,64,0.0,0.8130421774194998,0.8130421774194998
21468,BUTTERFLY CROCHET FOOD COVER,50,0.0,0.5710125356036244,0.5710125356036244
21466,RED FLOWER CROCHET FOOD COVER,91,0.0,0.5545527824485844,0.5545527824485844
21465,PINK FLOWER CROCHET FOOD COVER,63,0.0,0.3257949771218571,0.3257949771218571
21462,"NURSERY A,B,C PAINTED LETTERS",67,0.0,0.34027318885473695,0.34027318885473695
21458,2 PICTURE BOOK EGGS EASTER BUNNY,19,0.0,0.05874927508552178,0.05874927508552178
23373,VINTAGE CHRISTMAS PAPER GIFT BAG,88,0.0,0.1798741491011981,0.1798741491011981
23371,SET 36 COLOUR PENCILS SPACEBOY ,140,0.0,0.011647799699699436,0.011647799699699436
23369,SET 36 COLOUR PENCILS LOVE LONDON,98,0.0,0.1840187820063328,0.1840187820063328
23378,PACK OF 12 50'S CHRISTMAS TISSUES,156,0.0,0.014945098830956419,0.014945098830956419
21476,STEEL SWEETHEART ROUND TABLE CREAM,18,0.0,0.08699232099352058,0.08699232099352058
21473,SWEETHEART CREAM STEEL TABLE RECT,18,0.0,0.4829697956109033,0.4829697956109033
21472,LADYBIRD + BEE RAFFIA FOOD COVER,33,0.0,0.07468448858684788,0.07468448858684788
22520,CHILDS GARDEN TROWEL BLUE ,107,0.0,0.020105310151473408,0.020105310151473408
22519,CHILDS GARDEN BRUSH PINK,65,0.0,0.10167394314089376,0.10167394314089376
22518,CHILDS GARDEN BRUSH BLUE,57,0.0,0.10167394314089376,0.10167394314089376
22517,CHILDS GARDEN RAKE PINK,58,0.0,0.06413363042948385,0.06413363042948385
22516,CHILDS GARDEN RAKE BLUE,44,0.0,0.06945209493350638,0.06945209493350638
22514,CHILDS GARDEN SPADE BLUE,76,0.0,0.06093314587972158,0.06093314587972158
22513,DOORSTOP FOOTBALL DESIGN,52,0.0,0.556619408904084,0.556619408904084
22512,DOORSTOP RACING CAR DESIGN,33,0.0,0.5321981675512979,0.5321981675512979
23399,HOME SWEET HOME HANGING HEART,191,0.0,0.4417695853676059,0.4417695853676059
21457,2 PICTURE BOOK EGGS EASTER DUCKS,16,0.0,0.017001559115590495,0.017001559115590495
21454,PAINTED PINK RABBIT ,47,0.0,0.018670325388059187,0.018670325388059187
21448,12 DAISY PEGS IN WOOD BOX,69,0.0,0.019058798092624066,0.019058798092624066
21446,12 RED ROSE PEG PLACE SETTINGS,86,0.0,0.026320539478555373,0.026320539478555373
21442,GREEN BIRDHOUSE DECORATION,37,0.0,0.06341349901755682,0.06341349901755682
21441,BLUE BIRDHOUSE DECORATION,38,0.0,0.10864187756061919,0.10864187756061919
23394,POSTE FRANCE CUSHION COVER,124,0.0,0.039103302776056705,0.039103302776056705
23391, I LOVE LONDON MINI BACKPACK,71,0.0,0.04627294128287467,0.04627294128287467
23388,WOODLAND MINI BACKPACK,138,0.0,0.0516411181740185,0.0516411181740185
23381,PACK OF 12 VINTAGE LEAF TISSUES ,67,0.0,0.023217851674550538,0.023217851674550538
23379,PACK OF 12 RED APPLE TISSUES,51,0.0,0.01424986812542359,0.01424986812542359
23421,PANTRY HOOK SPATULA,27,0.0,0.014942383025472942,0.014942383025472942
23420,PANTRY HOOK TEA STRAINER ,29,0.0,0.024961106145246697,0.024961106145246697
23418,LAVENDER TOILETTE BOTTLE,61,0.0,0.34710600280712867,0.34710600280712867
23417,BATHROOM HOOK,22,0.0,0.6194925217908097,0.6194925217908097
23416,CHAMBRE HOOK,18,0.0,0.31967380041650967,0.31967380041650967
23402,HOME SWEEET HOME 3 PEG HANGER ,56,0.0,0.08200082190000635,0.08200082190000635
20845,ZINC HEART LATTICE 2 WALL PLANTER,11,0.0,0.11728370803025506,0.11728370803025506
22190,LOCAL CAFE MUG,52,0.0,0.40913647682414195,0.40913647682414195
22511,RETROSPOT BABUSHKA DOORSTOP,48,0.0,0.46623812274488335,0.46623812274488335
22510,GINGHAM BABUSHKA DOORSTOP,42,0.0,0.3966661373714388,0.3966661373714388
22500,SET OF 2 TINS JARDIN DE PROVENCE,90,0.0,0.4384146934330403,0.4384146934330403
22498,WOODEN REGATTA BUNTING,97,0.0,0.07574243671050047,0.07574243671050047
22497,SET OF 2 TINS VINTAGE BATHROOM ,60,0.0,0.048342962366813666,0.048342962366813666
21001,ROSE DU SUD WASHBAG ,13,0.0,0.032783197581296615,0.032783197581296615
21000,ROSE DU SUD COSMETICS BAG,17,0.0,0.03362735474831785,0.03362735474831785
23451,SQUARE MINI PORTRAIT FRAME,46,0.0,0.3877069771919502,0.3877069771919502
23442,12 HANGING EGGS HAND PAINTED,10,0.0,0.0414854293604953,0.0414854293604953
23439,HAND WARMER RED LOVE HEART,399,0.0,0.08306079139663959,0.08306079139663959
23438, RED SPOT GIFT BAG LARGE,100,0.0,0.029290228044269295,0.029290228044269295
23435,3 RAFFIA RIBBONS VINTAGE CHRISTMAS,45,0.0,0.3299499149127686,0.3299499149127686
23432,PRETTY HANGING QUILTED HEARTS,72,0.0,0.22440306500708662,0.22440306500708662
23430,BLUE RETRO KITCHEN WALL CLOCK,17,0.0,0.2618664330601414,0.2618664330601414
23429,RED RETRO KITCHEN WALL CLOCK,20,0.0,0.21812253842815632,0.21812253842815632
23422,PANTRY HOOK BALLOON WHISK ,31,0.0,0.01441448060214272,0.01441448060214272
22473,TV DINNER TRAY VINTAGE PAISLEY,79,0.0,0.3329789772983584,0.3329789772983584
23468,TUSCAN VILLA BIRD TABLE ,11,0.0,0.03391773773042042,0.03391773773042042
23465,TUSCAN VILLA FEEDING STATION,15,0.0,0.07294928441823269,0.07294928441823269
23457,LARGE PARLOUR PICTURE FRAME,30,0.0,0.49302574910720676,0.49302574910720676
23455,SMALL PARLOUR PICTURE FRAME,35,0.0,0.5247041347393171,0.5247041347393171
23453,OVAL  MINI PORTRAIT FRAME,50,0.0,0.3670058931998392,0.3670058931998392
21425,SKULLS STORAGE BOX LARGE,16,0.0,0.24681303697906054,0.24681303697906054
21421,PORCELAIN ROSE LARGE ,13,0.0,0.5881611000602887,0.5881611000602887
21420,OYSTER TRINKET BOX,15,0.0,0.23704996296130298,0.23704996296130298
21418,STARFISH SOAP DISH,13,0.0,0.24676298408498407,0.24676298408498407
21415,CLAM SHELL SMALL ,32,0.0,0.543283704483898,0.543283704483898
21413,PERIWINKLE T-LIGHT HOLDER,10,0.0,0.010456883694480931,0.010456883694480931
21014,SWISS CHALET TREE DECORATION ,70,0.0,0.13483594433998725,0.13483594433998725
23478,WOODLAND LARGE PINK FELT HEART,10,0.0,0.10749531340056218,0.10749531340056218
23476,WOODLAND LARGE RED FELT HEART,18,0.0,0.03019614491370754,0.03019614491370754
23475,WOODLAND SMALL PINK FELT HEART,26,0.0,0.050983902941954554,0.050983902941954554
23474,WOODLAND SMALL BLUE FELT HEART,28,0.0,0.046526055855539525,0.046526055855539525
23473,WOODLAND SMALL RED FELT HEART,44,0.0,0.2791941676290522,0.2791941676290522
23472, NINE DRAWER OFFICE TIDY,31,0.0,0.4474197173250937,0.4474197173250937
23471,SIX DRAWER OFFICE TIDY,27,0.0,0.5733373582154028,0.5733373582154028
22482,BLUE TEA TOWEL CLASSIC DESIGN,48,0.0,0.17721479755986996,0.17721479755986996
22481,BLACK TEA TOWEL CLASSIC DESIGN,87,0.0,0.29198275599030155,0.29198275599030155
22480,RED TEA TOWEL CLASSIC DESIGN,68,0.0,0.012774138231690413,0.012774138231690413
22479,DAISY GARDEN MARKER,54,0.0,0.7341190625665173,0.7341190625665173
22478,BIRDHOUSE GARDEN MARKER ,77,0.0,0.8225908211290055,0.8225908211290055
22477,WATERING CAN GARDEN MARKER,71,0.0,0.6338392105661216,0.6338392105661216
22475,SKULL DESIGN TV DINNER TRAY,112,0.0,0.24301522395343392,0.24301522395343392
22474,SPACEBOY TV DINNER TRAY,83,0.0,0.2946853834154527,0.2946853834154527
23502,PLAYING CARDS VINTAGE DOILEY ,88,0.0,0.016484765326284945,0.016484765326284945
23501,KEY RING BASEBALL BOOT UNION JACK,89,0.0,0.5462678817643837,0.5462678817643837
23500,KEY RING BASEBALL BOOT ASSORTED ,93,0.0,0.3844277408702716,0.3844277408702716
23499,SET 12 VINTAGE DOILY CHALK ,98,0.0,0.019677767850684192,0.019677767850684192
23498,CLASSIC BICYCLE CLIPS ,93,0.0,0.8711852401600129,0.8711852401600129
23496,PANTRY KITCHEN THERMOMETER ,22,0.0,0.00876806818369235,0.00876806818369235
23495,SET OF 3 PANTRY WOODEN SPOONS,24,0.0,0.026320539478555373,0.026320539478555373
23492,VINTAGE JINGLE BELLS WREATH,26,0.0,0.0501383086716542,0.0501383086716542
23489,"GARLAND, VINTAGE BELLS",143,0.0,0.051841618280890456,0.051841618280890456
23484,HEART TRELLISTRIPLE T-LIGHT HOLDER,26,0.0,0.23105184837071474,0.23105184837071474
23482,PEARLISED IVORY HEART LARGE ,36,0.0,0.26620690250880774,0.26620690250880774
23481,PEARLISED IVORY HEART SMALL ,30,0.0,0.23585183877722976,0.23585183877722976
23479,WIRE EGG BASKET ,41,0.0,0.2010077390325021,0.2010077390325021
23522,DOG AND BALL WALL ART,21,0.0,0.5223200372082771,0.5223200372082771
23521,CAT AND BIRD WALL ART,22,0.0,0.5159400444346238,0.5159400444346238
23520,EMBROIDERED RIBBON REEL RUBY ,31,0.0,0.3666667779705253,0.3666667779705253
23519,EMBROIDERED RIBBON REEL CLAIRE,19,0.0,0.5327193550643082,0.5327193550643082
23517,EMBROIDERED RIBBON REEL REBECCA ,51,0.0,0.4989734714899392,0.4989734714899392
23516,EMBROIDERED RIBBON REEL SOPHIE  ,43,0.0,0.4052399331954624,0.4052399331954624
23515,EMBROIDERED RIBBON REEL DAISY ,60,0.0,0.5168721924568468,0.5168721924568468
23512,EMBROIDERED RIBBON REEL ROSIE,50,0.0,0.44862749209338015,0.44862749209338015
23510,MINI PLAYING CARDS GYMKHANA,101,0.0,0.09507124515177484,0.09507124515177484
23509,MINI PLAYING CARDS FUN FAIR ,57,0.0,0.07706489319640221,0.07706489319640221
23507,MINI PLAYING CARDS BUFFALO BILL ,111,0.0,0.07873407090780049,0.07873407090780049
23506,MINI PLAYING CARDS SPACEBOY ,137,0.0,0.13756989438935746,0.13756989438935746
23505,PLAYING CARDS I LOVE LONDON ,111,0.0,0.3625664796394283,0.3625664796394283
23504,PLAYING CARDS JUBILEE UNION JACK,203,0.0,0.011647799699699436,0.011647799699699436
23546,WRAP PAISLEY PARK ,121,0.0,0.027202204266292284,0.027202204266292284
23545,WRAP RED DOILEY,84,0.0,0.2612039140087751,0.2612039140087751
23543,KEEP CALM WALL ART ,97,0.0,0.3226683123288712,0.3226683123288712
15030,FAN BLACK FRAME ,13,0.0,0.004884376621482704,0.004884376621482704
23540,WALL ART THE MAGIC FOREST ,10,0.0,0.11765639883216991,0.11765639883216991
23539,WALL ART LOVES' SECRET ,35,0.0,0.3703823756807177,0.3703823756807177
23538,WALL ART VINTAGE HEART,28,0.0,0.6521296977914893,0.6521296977914893
23537,I LOVE LONDON WALL ART,21,0.0,0.6632968561579615,0.6632968561579615
16008,SMALL FOLDING SCISSOR(POINTED EDGE),70,0.0,0.015748175309725488,0.015748175309725488
16011,ANIMAL STICKERS,47,0.0,0.01597530819565754,0.01597530819565754
23533,WALL ART GARDEN HAVEN ,31,0.0,0.4371516436717965,0.4371516436717965
23532,WALL ART WORK REST AND PLAY  ,26,0.0,0.6192032440851406,0.6192032440851406
23531,WALL ART BIG LOVE ,99,0.0,0.11539217972286812,0.11539217972286812
23530,WALL ART ONLY ONE PERSON ,75,0.0,0.5725343423248576,0.5725343423248576
23529,DOLLY GIRL WALL ART,30,0.0,0.43142669872175193,0.43142669872175193
23528,SPACEBOY WALL ART,34,0.0,0.4551507447588196,0.4551507447588196
22223,CAKE PLATE LOVEBIRD PINK,43,0.0,0.4585676072179687,0.4585676072179687
22222,CAKE PLATE LOVEBIRD WHITE,149,0.0,0.5166983439761162,0.5166983439761162
20980,36 PENCILS TUBE POSY,11,0.0,0.0019041801709905907,0.0019041801709905907
21403,BLUE EGG  SPOON,71,0.0,0.0167548956840891,0.0167548956840891
21402,RED  EGG  SPOON,61,0.0,0.01843621559203019,0.01843621559203019
21401,BLUE PUDDING SPOON,59,0.0,0.010162213664778643,0.010162213664778643
21400,RED PUDDING SPOON,48,0.0,0.012347722892633571,0.012347722892633571
23555,LANDMARK FRAME NOTTING HILL ,52,0.0,0.17214900264861935,0.17214900264861935
23554,LANDMARK FRAME OXFORD STREET,56,0.0,0.10139934700608692,0.10139934700608692
23553,LANDMARK FRAME CAMDEN TOWN ,63,0.0,0.06582219127123055,0.06582219127123055
23552,BICYCLE PUNCTURE REPAIR KIT ,111,0.0,0.5437925918672626,0.5437925918672626
23551,PACK OF 12 PAISLEY PARK TISSUES ,100,0.0,0.02041598887654973,0.02041598887654973
23550,WRAP ALPHABET POSTER  ,63,0.0,0.24485842947517555,0.24485842947517555
23549,WRAP BIRD GARDEN ,51,0.0,0.03333990021053576,0.03333990021053576
23548,WRAP MAGIC FOREST ,43,0.0,0.030640559113056676,0.030640559113056676
23547,WRAP FLOWER SHOP  ,62,0.0,0.03708851715600557,0.03708851715600557
23559,WOODLAND BUNNIES LOLLY MAKERS,78,0.0,0.5760665050625914,0.5760665050625914
23558,LANDMARK FRAME LONDON BRIDGE ,50,0.0,0.27175522375169225,0.27175522375169225
23557,LANDMARK FRAME BAKER STREET ,29,0.0,0.13218970754930232,0.13218970754930232
20998,ROSE DU SUD OVEN GLOVE,28,0.0,0.2517891858342377,0.2517891858342377
20996,JAZZ HEARTS ADDRESS BOOK,188,0.0,0.025006331889903574,0.025006331889903574
20992,JAZZ HEARTS PURSE NOTEBOOK,261,0.0,0.19720568876609273,0.19720568876609273
20986,BLUE CALCULATOR RULER,63,0.0,0.621709298699539,0.621709298699539
16012,FOOD/DRINK SPONGE STICKERS,37,0.0,0.007384405565640084,0.007384405565640084
22459,CAST IRON HOOK GARDEN TROWEL,15,0.0,0.2196211613319775,0.2196211613319775
22458,CAST IRON HOOK GARDEN FORK,14,0.0,0.5215098374300056,0.5215098374300056
22454,MEASURING TAPE BABUSHKA RED,38,0.0,0.18286190468564206,0.18286190468564206
22453,MEASURING TAPE BABUSHKA BLUE,47,0.0,0.24214717218987886,0.24214717218987886
16014,SMALL CHINESE STYLE SCISSOR,54,0.0,0.09454734953937334,0.09454734953937334
16015,MEDIUM CHINESE STYLE SCISSOR,24,0.0,0.025587118780137228,0.025587118780137228
20903,VINTAGE KEEPSAKE BOX TRAVELOGUE,10,0.0,0.18133357340144302,0.18133357340144302
16016,LARGE CHINESE STYLE SCISSOR,65,0.0,0.37536948481464855,0.37536948481464855
23691,KEEP CALM BIRTHDAY WRAP,38,0.0,0.2140625921068216,0.2140625921068216
23681,LUNCH BAG RED VINTAGE DOILY,120,0.0,0.6081671177266509,0.6081671177266509
23598,PAPER BUNTING VINTAGE PARTY,43,0.0,0.2522994075990361,0.2522994075990361
17021,NAMASTE SWAGAT INCENSE,57,0.0,0.15740130290961196,0.15740130290961196
23580,SNACK TRAY HAPPY FOREST  ,22,0.0,0.05838795521202987,0.05838795521202987
23579,SNACK TRAY I LOVE LONDON,26,0.0,0.5647692554735251,0.5647692554735251
23578,SNACK TRAY RED GINGHAM,11,0.0,0.019480351469765442,0.019480351469765442
23576,SNACK TRAY RED VINTAGE DOILY,30,0.0,0.6537612839240524,0.6537612839240524
23575,SNACK TRAY PAISLEY PARK,24,0.0,0.3740325818757022,0.3740325818757022
23571,TRADITIONAL NAUGHTS & CROSSES,227,0.0,0.4795914171197686,0.4795914171197686
23570,TRADITIONAL PICK UP STICKS GAME ,248,0.0,0.018488678271489943,0.018488678271489943
17038,PORCELAIN BUDAH INCENSE HOLDER,19,0.0,0.005334533788938134,0.005334533788938134
23564,EGG CUP MILKMAID INGRID,42,0.0,0.044383418793571626,0.044383418793571626
23562,SET OF 6 RIBBONS PERFECTLY PRETTY  ,39,0.0,0.3689509983581945,0.3689509983581945
23561,SET OF 6 RIBBONS PARTY,13,0.0,0.5215098374300056,0.5215098374300056
23560,SET OF 6 RIBBONS COUNTRY STYLE,21,0.0,0.4989734714899392,0.4989734714899392
35964,FOLKART CLIP ON STARS,40,0.0,0.08522555667414028,0.08522555667414028
35961,FOLKART ZINC HEART CHRISTMAS DEC,159,0.0,0.45981502586088324,0.45981502586088324
35954,SMALL FOLKART STAR CHRISTMAS DEC,34,0.0,0.014087822852034065,0.014087822852034065
90014A,SILVER/MOP ORBIT NECKLACE,10,0.0,0.09462960221808007,0.09462960221808007
35933,PINK STOCKING CHRISTMAS DECORATION,16,0.0,0.009809631600652033,0.009809631600652033
35922,EASTER BUNNY WREATH,10,0.0,0.04021028339015438,0.04021028339015438
35921,EASTER BUNNY HANGING GARLAND,11,0.0,0.010704216456012772,0.010704216456012772
35920,FOUR RABBIT EASTER DECORATIONS,11,0.0,0.017963652807029093,0.017963652807029093
35914,PINK CHICK EGG WARMER + EGG CUP,19,0.0,0.026320539478555373,0.026320539478555373
35653,VINTAGE BEAD NOTEBOOK,17,0.0,0.01715325462970163,0.01715325462970163
35646,VINTAGE BEAD PINK EVENING BAG,46,0.0,0.6680361792059943,0.6680361792059943
35265,COLOURFUL FLOWER FRUIT BOWL,11,0.0,0.06967872172512862,0.06967872172512862
35241,ENAMEL BLUE RIM BISCUIT BIN,30,0.0,0.5833480720972669,0.5833480720972669
23697,A PRETTY THANK YOU CARD,27,0.0,0.18809774551010425,0.18809774551010425
23695,DOILY THANK YOU CARD,46,0.0,0.2350015589234507,0.2350015589234507
23694,PAISLEY PARK CARD,24,0.0,0.2343472560125243,0.2343472560125243
37468,HARDMAN MUG 3 ASSORTED,13,0.0,0.029900313835237193,0.029900313835237193
37467,PIG MUG IN TWO COLOUR DESIGNS,11,0.0,0.004618884916425422,0.004618884916425422
37413,ICON MUG REVOLUTIONARY,81,0.0,0.06856499340473614,0.06856499340473614
37333,"RETRO ""TEA FOR ONE"" ",11,0.0,0.5385377901010296,0.5385377901010296
35972,DAISY FOLKART HEART DECORATION,17,0.0,0.008825312321743994,0.008825312321743994
35968,FOLK ART METAL HEART T-LIGHT HOLDER,18,0.0,0.03980874197434225,0.03980874197434225
35967,FOLK ART METAL STAR T-LIGHT HOLDER,29,0.0,0.12822945975166936,0.12822945975166936
21398,RED POLKADOT COFFEE  MUG,49,0.0,0.1970600547267493,0.1970600547267493
21397,BLUE POLKADOT EGG CUP ,44,0.0,0.2618682018019776,0.2618682018019776
90030B,RED KUKUI COCONUT SEED NECKLACE,15,0.0,0.8467618973774884,0.8467618973774884
22308,TEA COSY BLUE STRIPE,36,0.0,0.2526333375448535,0.2526333375448535
21386,IVORY HANGING DECORATION  EGG,51,0.0,0.2552618918430551,0.2552618918430551
10002,INFLATABLE POLITICAL GLOBE ,49,0.0,0.017679926392996197,0.017679926392996197
21379,CAMPHOR WOOD PORTOBELLO MUSHROOM,24,0.0,0.3131980588129763,0.3131980588129763
21378,SMALL TALL CAMPHOR WOOD TOADSTOOL,22,0.0,0.08893857739063443,0.08893857739063443
21377,SMALL CAMPHOR WOOD FIELD  MUSHROOM,19,0.0,0.2992385802407085,0.2992385802407085
22446,PIN CUSHION BABUSHKA PINK,41,0.0,0.11289701148769579,0.11289701148769579
22445,PENCIL CASE LIFE IS BEAUTIFUL,100,0.0,0.4522454706957113,0.4522454706957113
85206A,CREAM FELT EASTER EGG BASKET,106,0.0,0.5215830449718226,0.5215830449718226
22438,BALLOON ART MAKE YOUR OWN FLOWERS,74,0.0,0.3657237980937375,0.3657237980937375
85205B,PINK FELT EASTER RABBIT GARLAND,25,0.0,0.049268252027934764,0.049268252027934764
47481,50CM METAL STRING WITH  7 CLIPS,20,0.0,0.4381148487884267,0.4381148487884267
47480,HANGING PHOTO CLIP ROPE LADDER,54,0.0,0.5256296216059482,0.5256296216059482
47471,RAINBOW PEGS PHOTO CLIP STRING,26,0.0,0.10008583949372965,0.10008583949372965
47469,ASSORTED SHAPES PHOTO CLIP SILVER ,17,0.0,0.011150896770389522,0.011150896770389522
47421,ASSORTED COLOUR LIZARD SUCTION HOOK,63,0.0,0.23363174124461056,0.23363174124461056
47420,ASSORTED COLOUR SUCTION CUP HOOK,19,0.0,0.003409464588276466,0.003409464588276466
46118,FUNKY MONKEY CUSHION COVER,18,0.0,0.016392522411783513,0.016392522411783513
44235,ASS COL CIRCLE MOBILE ,16,0.0,0.10266668758407843,0.10266668758407843
40016,CHINESE DRAGON PAPER LANTERNS,75,0.0,0.2612627644572229,0.2612627644572229
40003,WHITE BAMBOO RIBS LAMPSHADE,11,0.0,0.6502618578333648,0.6502618578333648
37475,SET/4 COLOURFUL MIXING BOWLS,30,0.0,0.5706994786126381,0.5706994786126381
70006,LOVE HEART POCKET WARMER,81,0.0,0.6977106173772415,0.6977106173772415
62018,SOMBRERO ,59,0.0,0.3886705901942014,0.3886705901942014
85186A,EASTER BUNNY GARLAND OF FLOWERS,39,0.0,0.028771107419447554,0.028771107419447554
85184C,S/4 VALENTINE DECOUPAGE HEART BOX,140,0.0,0.25028737673791335,0.25028737673791335
85183B,CHARLIE & LOLA WASTEPAPER BIN FLORA,107,0.0,0.6338392105661216,0.6338392105661216
85180B,PINK HEARTS LIGHT CHAIN ,21,0.0,0.368979586390117,0.368979586390117
22216,T-LIGHT HOLDER WHITE LACE,20,0.0,0.12750236251890898,0.12750236251890898
22319,HAIRCLIPS FORTIES FABRIC ASSORTED,63,0.0,0.08035648670056278,0.08035648670056278
22214,CANDLE PLATE LACE WHITE,21,0.0,0.4481859660828298,0.4481859660828298
22317,FIVE CATS HANGING DECORATION,40,0.0,0.270168498126868,0.270168498126868
22210,WOOD STAMP SET BEST WISHES,150,0.0,0.1286075252120557,0.1286075252120557
22451,SILK PURSE BABUSHKA RED,39,0.0,0.04885592171399936,0.04885592171399936
22450,SILK PURSE BABUSHKA BLUE,54,0.0,0.05531727951398414,0.05531727951398414
22315,200 RED + WHITE BENDY STRAWS,122,0.0,0.016554375009700077,0.016554375009700077
22448,PIN CUSHION BABUSHKA RED,34,0.0,0.5484937753629375,0.5484937753629375
22447,PIN CUSHION BABUSHKA BLUE,16,0.0,0.5252637493850241,0.5252637493850241
72128,COLUMBIAN CANDLE ROUND,33,0.0,0.21760879737151706,0.21760879737151706
72127,COLUMBIAN CANDLE ROUND ,30,0.0,0.16427919917260111,0.16427919917260111
72122,COFFEE SCENT PILLAR CANDLE,46,0.0,0.005893338157843166,0.005893338157843166
71403,"PINK/WHITE ""KEEP CLEAN"" BULLET BIN",14,0.0,0.013793644507487258,0.013793644507487258
21376,LARGE  TALL CAMPHOR WOOD TOADSTOOL ,15,0.0,0.38283199338128293,0.38283199338128293
21375,LARGE CAMPHOR WOOD FIELD MUSHROOM ,12,0.0,0.39128286372522686,0.39128286372522686
21374,MIRRORED WALL ART SKULLS,40,0.0,0.33014448899583243,0.33014448899583243
21372,MIRRORED WALL ART TABLE LAMP,25,0.0,0.5483672654599213,0.5483672654599213
21371,MIRRORED WALL ART POPPIES,32,0.0,0.3844277408702716,0.3844277408702716
21369,MIRRORED WALL ART SPLODGES,13,0.0,0.5306838947814883,0.5306838947814883
21368,MIRRORED WALL ART LADIES,31,0.0,0.19066560031757812,0.19066560031757812
21367,MIRRORED WALL ART GENTS,35,0.0,0.36143611961387057,0.36143611961387057
21366,MIRRORED WALL ART PHOTO FRAMES,11,0.0,0.03328114981431077,0.03328114981431077
21365,MIRRORED WALL ART STARS,44,0.0,0.3435399275764682,0.3435399275764682
21360,JOY LARGE WOOD LETTERS,14,0.0,0.22242504632466398,0.22242504632466398
71270,PHOTO CLIP LINE,35,0.0,0.7248280593272364,0.7248280593272364
22415,WHITE TISSUE REAM,13,0.0,0.11649116061710175,0.11649116061710175
20686,DOLLY MIXTURE CHILDREN'S UMBRELLA,65,0.0,0.11848373849329,0.11848373849329
20684,STRAWBERRY DREAM CHILDS UMBRELLA,33,0.0,0.048043820655148846,0.048043820655148846
22314,OFFICE MUG WARMER CHOC+BLUE,96,0.0,0.4382856325106417,0.4382856325106417
20669,RED HEART LUGGAGE TAG,47,0.0,0.009820986274191052,0.009820986274191052
78124,MAGAZINE RACK GEBRA ASSORTED ,18,0.0,0.85426217791204,0.85426217791204
75131,METAL TUBE CHIME ON BAMBOO,13,0.0,0.39625710178699725,0.39625710178699725
75011,BLUE DAISY MOBILE,12,0.0,0.213341235630487,0.213341235630487
72819,CUPID DESIGN SCENTED CANDLES,30,0.0,0.3172942449110544,0.3172942449110544
72780,BLACK SILOUETTE CANDLE PLATE,20,0.0,0.013676719239340492,0.013676719239340492
72598,SET/12 TAPER CANDLES,43,0.0,0.48842464169064287,0.48842464169064287
72232,FENG SHUI PILLAR CANDLE,66,0.0,0.005796597077085057,0.005796597077085057
72133,COLUMBIAN CANDLE RECTANGLE,14,0.0,0.002589951984372541,0.002589951984372541
72132,COLUMBIAN CUBE CANDLE,12,0.0,0.005331204303660568,0.005331204303660568
72131,COLUMBIAN CANDLE RECTANGLE,19,0.0,0.5001815718370863,0.5001815718370863
72130,COLUMBIAN CANDLE ROUND,25,0.0,0.05586758453779635,0.05586758453779635
21356,TOAST ITS - FAIRY FLOWER,55,0.0,0.6582098891648106,0.6582098891648106
21355,TOAST ITS - I LOVE YOU ,114,0.0,0.029290228044269295,0.029290228044269295
21354,TOAST ITS - BEST MUM,70,0.0,0.7494945453595676,0.7494945453595676
21333,CLASSIC WHITE FRAME,15,0.0,0.03828516229164129,0.03828516229164129
21329,DINOSAURS  WRITING SET ,172,0.0,0.17424639711082374,0.17424639711082374
21328,BALLOONS  WRITING SET ,194,0.0,0.1456675658187028,0.1456675658187028
21327,SKULLS WRITING SET ,148,0.0,0.012274854400705642,0.012274854400705642
21324,HANGING MEDINA LANTERN SMALL,20,0.0,0.07402819505471428,0.07402819505471428
22312,OFFICE MUG WARMER POLKADOT,98,0.0,0.2883967764346863,0.2883967764346863
22310,IVORY KNITTED MUG COSY ,53,0.0,0.5091918662996135,0.5091918662996135
22309,TEA COSY RED  STRIPE,66,0.0,0.2446172879536696,0.2446172879536696
22422,TOOTHPASTE TUBE PEN,77,0.0,0.11034615737317165,0.11034615737317165
22420,LIPSTICK PEN BABY PINK,87,0.0,0.10128634781812576,0.10128634781812576
85230B,CINNAMON SCENTED VOTIVE CANDLE,38,0.0,0.012873198023115252,0.012873198023115252
22069,BROWN  PIRATE TREASURE CHEST ,39,0.0,0.6415682166100211,0.6415682166100211
22416,SET OF 36 DOILIES SPACEBOY DESIGN ,63,0.0,0.7669223751816991,0.7669223751816991
84192,ASSORTED COLOUR METAL CAT ,28,0.0,0.01659154623335369,0.01659154623335369
84051,ASS COLOUR GLOWING TIARAS,26,0.0,0.3284133163903786,0.3284133163903786
22053,EMPIRE DESIGN ROSETTE,26,0.0,0.7861154318427903,0.7861154318427903
82599,FANNY'S REST STOPMETAL SIGN,87,0.0,0.140666224217523,0.140666224217523
22051,BLUE SCANDINAVIAN PAISLEY WRAP,40,0.0,0.03417804208410848,0.03417804208410848
82567,"AIRLINE LOUNGE,METAL SIGN",151,0.0,0.47569106786653637,0.47569106786653637
82552,WASHROOM METAL SIGN,299,0.0,0.4704572105665266,0.4704572105665266
79403,FROSTED WHITE BASE ,11,0.0,0.006881150050643568,0.006881150050643568
79067,CORONA MEXICAN TRAY,18,0.0,0.2223717615911915,0.2223717615911915
20702,PINK PADDED MOBILE,41,0.0,0.10652712163727611,0.10652712163727611
20699,MOUSEY LONG LEGS SOFT TOY,11,0.0,0.02352514916909556,0.02352514916909556
20697,LITTLE GREEN MONSTER SOFT TOY,11,0.0,0.012017281478629013,0.012017281478629013
20696,FLORAL SOFT CAR TOY,10,0.0,0.013888916893832811,0.013888916893832811
20694,FLORAL PINK MONSTER,11,0.0,0.06460720297496834,0.06460720297496834
21358,TOAST ITS - HAPPY BIRTHDAY,60,0.0,0.012014808110228653,0.012014808110228653
21357,TOAST ITS - DINOSAUR,11,0.0,0.016104990076291948,0.016104990076291948
21285,RETROSPOT CANDLE  MEDIUM,33,0.0,0.5974679518729444,0.5974679518729444
21284,RETROSPOT CANDLE  SMALL,26,0.0,0.5235513981008881,0.5235513981008881
21280,VINTAGE KITCHEN PRINT VEGETABLES,12,0.0,0.1289737598834275,0.1289737598834275
84581,DOG TOY WITH PINK CROCHET SKIRT,71,0.0,0.5545527824485844,0.5545527824485844
84580,MOUSE TOY WITH PINK T-SHIRT,123,0.0,0.553664571278777,0.553664571278777
84568,GIRLS ALPHABET IRON ON PATCHES ,24,0.0,0.017046329176553115,0.017046329176553115
84466,TOP SECRET PEN SET,10,0.0,0.016112629174695105,0.016112629174695105
84457,SET/3 RABBITS FLOWER SKIPPPING ROPE,23,0.0,0.015683211926102277,0.015683211926102277
22049,WRAP CHRISTMAS SCREEN PRINT,32,0.0,0.0258989314256883,0.0258989314256883
84360,TABLE LAMP WHITE SHADE WOOD BASE,17,0.0,0.18258773268685985,0.18258773268685985
84358,FLOOR LAMP SHADE WOOD BASE,12,0.0,0.5891244060717731,0.5891244060717731
84356,POMPOM CURTAIN,46,0.0,0.2350554189872782,0.2350554189872782
84231,EASTER BUNNY WITH BASKET ON BACK,19,0.0,0.04329650096331862,0.04329650096331862
84218,BOX/12 CHICK & EGG IN BASKET,40,0.0,0.524513077172637,0.524513077172637
84212,"ASSORTED FLOWER COLOUR ""LEIS""",103,0.0,0.18512678351336137,0.18512678351336137
84199,GLOW IN DARK DOLPHINS,30,0.0,0.0120941783192959,0.0120941783192959
22247,BUNNY DECORATION MAGIC GARDEN,61,0.0,0.3362820742545163,0.3362820742545163
84725,FREESTYLE CANVAS ART PICTURE,18,0.0,0.0018507642886058957,0.0018507642886058957
84658,WHITE STITCHED CUSHION COVER,18,0.0,0.1623375297487498,0.1623375297487498
84638,SMALL KITCHEN FLOWER POTS PLAQUE,12,0.0,0.22100813508194336,0.22100813508194336
84637,KITCHEN FLOWER POTS WALL PLAQUE,13,0.0,0.12681064644464266,0.12681064644464266
84600,NEW BAROQUE JEWELLERY BOX ,20,0.0,0.143702741994356,0.143702741994356
84592,CROCHET ROSE PURSE WITH SUEDE BACK,17,0.0,0.03725529192552944,0.03725529192552944
84584,PINK GINGHAM CAT WITH SCARF,18,0.0,0.028895897585823626,0.028895897585823626
21316,SMALL CHUNKY GLASS ROMAN  BOWL,10,0.0,0.6500394468698465,0.6500394468698465
21307,SET/4 BUTTERFLY MIRROR MAGNETS,13,0.0,0.7884999935455944,0.7884999935455944
21294,ETCHED GLASS COASTER,60,0.0,0.1646803668862575,0.1646803668862575
21293,MIRRORED DOVE WALL DECORATION,19,0.0,0.4793398642074956,0.4793398642074956
21292,SMALL STRIPES CHOCOLATE GIFT BAG ,26,0.0,0.2508383234947689,0.2508383234947689
21291,SMALL POLKADOT CHOCOLATE GIFT BAG ,40,0.0,0.019425107216294785,0.019425107216294785
21287,SCENTED VELVET LOUNGE CANDLE ,54,0.0,0.2980485722965248,0.2980485722965248
21286,RETROSPOT CANDLE  LARGE,18,0.0,0.7824981332384885,0.7824981332384885
84827,ASS DES PHONE SPONGE CRAFT STICKER,18,0.0,0.24997967804807836,0.24997967804807836
84826,ASSTD DESIGN 3D PAPER STICKERS,36,0.0,0.0991499153941747,0.0991499153941747
84823,DANISH ROSE FOLDING CHAIR,25,0.0,0.1326839023754119,0.1326839023754119
84789,ENCHANTED BIRD PLANT CAGE,44,0.0,0.21757131812674874,0.21757131812674874
84763,ZINC FINISH 15CM PLANTER POTS,49,0.0,0.3844277408702716,0.3844277408702716
84748,FOLK FELT HANGING MULTICOL GARLAND,11,0.0,0.009612671928062576,0.009612671928062576
84744,S/6 SEW ON CROCHET FLOWERS,18,0.0,0.030346151658641095,0.030346151658641095
22756,LARGE YELLOW BABUSHKA NOTEBOOK ,93,0.0,0.31893494878844764,0.31893494878844764
22755,SMALL PURPLE BABUSHKA NOTEBOOK ,198,0.0,0.11480430748421244,0.11480430748421244
22410,MONEY BOX HOUSEKEEPING DESIGN,46,0.0,0.5530702674879913,0.5530702674879913
22408,MONEY BOX CONFECTIONERY DESIGN,23,0.0,0.3625664796394283,0.3625664796394283
22407,MONEY BOX FIRST ADE DESIGN,24,0.0,0.6525224182761035,0.6525224182761035
22405,MONEY BOX POCKET MONEY DESIGN,56,0.0,0.47899031742297254,0.47899031742297254
22255,FELT TOADSTOOL  SMALL,44,0.0,0.01539086542487182,0.01539086542487182
22254,FELT TOADSTOOL LARGE,41,0.0,0.026320539478555373,0.026320539478555373
22754,SMALL RED BABUSHKA NOTEBOOK ,196,0.0,0.0529771348517661,0.0529771348517661
84920,PINK FLOWER FABRIC PONY,27,0.0,0.06258735273591576,0.06258735273591576
84917,WHITE HAND TOWEL WITH BUTTERFLY,14,0.0,0.23778789886028873,0.23778789886028873
84916,HAND TOWEL PALE BLUE W FLOWERS,18,0.0,0.5081541069371502,0.5081541069371502
84915,HAND TOWEL PINK FLOWER AND DAISY,11,0.0,0.030505572316110906,0.030505572316110906
84882,GREEN WIRE STANDING CANDLE HOLDER,15,0.0,0.03407811498147583,0.03407811498147583
84865,NEW BAROQUE BLACK PHOTO ALBUM,12,0.0,0.3500208434050191,0.3500208434050191
84847,FLORAL BATHROOM SET,12,0.0,0.010697573587942273,0.010697573587942273
21270,ANTIQUE CREAM CUTLERY CUPBOARD,13,0.0,0.567838534059745,0.567838534059745
21269,ANTIQUE CREAM CUTLERY SHELF ,18,0.0,0.006187315498672506,0.006187315498672506
21265,PINK GOOSE FEATHER TREE 60CM,16,0.0,0.04235428634084135,0.04235428634084135
21261,GREEN GOOSE FEATHER CHRISTMAS TREE ,27,0.0,0.508450286850051,0.508450286850051
21253,SET OF PICTURE FRAME  STICKERS,17,0.0,0.5156822927353192,0.5156822927353192
21251,DINOSAUR HEIGHT CHART STICKER SET,35,0.0,0.11937309686749592,0.11937309686749592
21250,SET OF SKULL WALL STICKERS,17,0.0,0.2932318128936403,0.2932318128936403
22753,SMALL YELLOW BABUSHKA NOTEBOOK ,168,0.0,0.0529771348517661,0.0529771348517661
22749,FELTCRAFT PRINCESS CHARLOTTE DOLL,421,0.0,0.7208227891885278,0.7208227891885278
85038,6 CHOCOLATE LOVE HEART T-LIGHTS,117,0.0,0.49390175137767933,0.49390175137767933
85020,ROUND PINK HEART MIRROR,16,0.0,0.02414623409221029,0.02414623409221029
85016,SET OF 6 VINTAGE NOTELETS KIT,25,0.0,0.5495309423496209,0.5495309423496209
85015,SET OF 12  VINTAGE POSTCARD SET,115,0.0,0.5066893313320091,0.5066893313320091
22747,POPPY'S PLAYHOUSE BATHROOM,174,0.0,0.05886176188267724,0.05886176188267724
22743,MAKE YOUR OWN FLOWERPOWER CARD KIT,152,0.0,0.5321981675512979,0.5321981675512979
20770,ABSTRACT CIRCLE JOURNAL ,29,0.0,0.04298634370647541,0.04298634370647541
84974,S/2 ZINC HEART DESIGN PLANTERS,29,0.0,0.07223773212141263,0.07223773212141263
21249,WOODLAND  HEIGHT CHART STICKERS ,79,0.0,0.3367080814295839,0.3367080814295839
21248,DOOR HANGER  MUM + DADS ROOM,52,0.0,0.004384217266615067,0.004384217266615067
21245,GREEN POLKADOT PLATE ,103,0.0,0.6168128652071124,0.6168128652071124
20769,DAISY JOURNAL ,26,0.0,0.2446172879536696,0.2446172879536696
21222,SET/4 BADGES BEETLES,38,0.0,0.15934921702864568,0.15934921702864568
21221,SET/4 BADGES CUTE CREATURES,24,0.0,0.5351214637603579,0.5351214637603579
21220,SET/4 BADGES DOGS,42,0.0,0.6066920218555033,0.6066920218555033
21219,SET/4 BADGES BALLOON GIRL,43,0.0,0.6123801638895472,0.6123801638895472
22257,FELT FARM ANIMAL SHEEP,18,0.0,0.3501873879569807,0.3501873879569807
21204,DAISIES  HONEYCOMB GARLAND ,51,0.0,0.03017786068038468,0.03017786068038468
21202,DOLLY HONEYCOMB GARLAND,21,0.0,0.2803231928746186,0.2803231928746186
21200,MULTICOLOUR HONEYCOMB PAPER GARLAND,39,0.0,0.7297710339496482,0.7297710339496482
85125,SMALL ROUND CUT GLASS CANDLESTICK,19,0.0,0.373128085582783,0.373128085582783
85111,SILVER GLITTER FLOWER VOTIVE HOLDER,54,0.0,0.1510956451717396,0.1510956451717396
85107,CUT GLASS T-LIGHT HOLDER OCTAGON,29,0.0,0.04170963314149618,0.04170963314149618
85106,CUT GLASS HEXAGON T-LIGHT HOLDER,10,0.0,0.02186991189067841,0.02186991189067841
85096,HILDA CANDY SPOT RABBIT,12,0.0,0.013627965221247611,0.013627965221247611
85095,THREE CANVAS LUGGAGE TAGS,10,0.0,0.1038677906970238,0.1038677906970238
85094,CANDY SPOT EGG WARMER RABBIT,31,0.0,0.30010581263726216,0.30010581263726216
85093,CANDY SPOT EGG WARMER HARE,21,0.0,0.09226538774368298,0.09226538774368298
85078,SCANDINAVIAN 3 HEARTS NAPKIN RING,65,0.0,0.058120468726857485,0.058120468726857485
85064,CREAM SWEETHEART LETTER RACK,23,0.0,0.5230093575724402,0.5230093575724402
85055,FRENCH ENAMEL UTENSIL HOLDER,10,0.0,0.21757131812674874,0.21757131812674874
85045,GREEN CHRISTMAS TREE STRING 20LIGHT,10,0.0,0.47824395539978165,0.47824395539978165
21215,IVORY PAPER CUP CAKE CASES ,66,0.0,0.26845724178712627,0.26845724178712627
20768,GREEN FERN JOURNAL ,37,0.0,0.22527825942031424,0.22527825942031424
20767,BLUE PAISLEY JOURNAL ,61,0.0,0.22377455691467468,0.22377455691467468
21211,SET OF 72 SKULL PAPER  DOILIES,68,0.0,0.8246955201451163,0.8246955201451163
21207,SKULL AND CROSSBONES  GARLAND ,86,0.0,0.5215830449718226,0.5215830449718226
21206,STRAWBERRY HONEYCOMB  GARLAND ,77,0.0,0.5828666883015144,0.5828666883015144
22395,PAPERWEIGHT VINTAGE PAISLEY,15,0.0,0.8184709177425523,0.8184709177425523
22394,PAPERWEIGHT KINGS CHOICE ,16,0.0,0.604177948374174,0.604177948374174
22391,PAPERWEIGHT HOME SWEET HOME,18,0.0,0.5828666883015144,0.5828666883015144
22390,PAPERWEIGHT CHILDHOOD MEMORIES,31,0.0,0.47869766777761613,0.47869766777761613
22269,EGG CUP NATURAL CHICKEN,89,0.0,0.5112344720268233,0.5112344720268233
22267,EASTER DECORATION EGG BUNNY ,77,0.0,0.3099386330061971,0.3099386330061971
22266,EASTER DECORATION HANGING BUNNY,86,0.0,0.2238296589763058,0.2238296589763058
22265,EASTER DECORATION NATURAL CHICK,55,0.0,0.013921028422987614,0.013921028422987614
22264,FELT FARM ANIMAL WHITE BUNNY ,44,0.0,0.2382873808669395,0.2382873808669395
22259,FELT FARM ANIMAL HEN,17,0.0,0.4425331618698167,0.4425331618698167
90094,NECKLACE+BRACELET SET FRUIT SALAD ,12,0.0,0.0073922132455406814,0.0073922132455406814
90086,CRYSTAL FROG PHONE CHARM,11,0.0,0.621709298699539,0.621709298699539
90057,DIAMANTE RING ASSORTED IN BOX.,22,0.0,0.8236025840988499,0.8236025840988499
85227,SET OF 6 3D KIT CARDS FOR KIDS,159,0.0,0.1779354397160308,0.1779354397160308
85214,TUB 24 PINK FLOWER PEGS,43,0.0,0.016108651122402024,0.016108651122402024
85212,MINI PAINTED GARDEN DECORATION ,73,0.0,0.023217851674550538,0.023217851674550538
85208,SET/12 FUNKY FELT FLOWER PEG IN BAG,25,0.0,0.0636969746216191,0.0636969746216191
85203,HANGING WOOD AND FELT BUTTERFLY ,55,0.0,0.09454734953937334,0.09454734953937334
85202,HANGING WOOD AND FELT HEART,49,0.0,0.017652827809038627,0.017652827809038627
85200,BUNNY EGG BOX,27,0.0,0.01391001037197182,0.01391001037197182
85197,SET OF 12 MINI BUNNIES IN A BUCKET,19,0.0,0.015999713697241454,0.015999713697241454
85187,S/12 MINI RABBIT EASTER,60,0.0,0.47815418495228823,0.47815418495228823
20766,GARDEN PATH SKETCHBOOK,50,0.0,0.3871860384337087,0.3871860384337087
85173,SET/6 FROG PRINCE T-LIGHT CANDLES,50,0.0,0.2007243036415172,0.2007243036415172
85145,JARDIN ETCHED GLASS LARGE BELL JAR,14,0.0,0.18783701947250545,0.18783701947250545
85144,JARDIN ETCHED GLASS BUTTER DISH,44,0.0,0.7208227891885278,0.7208227891885278
17012D,ORIGAMI ROSE INCENSE/CANDLE SET ,46,0.0,0.6249828661673669,0.6249828661673669
17012C,ORIGAMI LAVENDER INCENSE/CANDL SET ,44,0.0,0.16834751693876743,0.16834751693876743
17012B,ORIGAMI JASMINE INCENSE/CANDLE SET,36,0.0,0.3844277408702716,0.3844277408702716
17012A,ORIGAMI VANILLA INCENSE/CANDLE SET ,25,0.0,0.3625664796394283,0.3625664796394283
16169M,WRAP DAISY CARPET ,26,0.0,0.022381197194267337,0.022381197194267337
16168M,FUNKY MONKEY GIFT BAG MEDIUM,20,0.0,0.016303229495610423,0.016303229495610423
20765,CHRYSANTHEMUM SKETCHBOOK ,53,0.0,0.34960713239022756,0.34960713239022756
16161G,WRAP BAD HAIR DAY,22,0.0,0.016150470651915754,0.016150470651915754
16156S,WRAP PINK FAIRY CAKES ,167,0.0,0.2603564343061793,0.2603564343061793
16156L,"WRAP, CAROUSEL",18,0.0,0.02630498281553162,0.02630498281553162
15058C,ICE CREAM DESIGN GARDEN PARASOL,30,0.0,0.11926527490569697,0.11926527490569697
15044B,BLUE PAPER PARASOL ,48,0.0,0.20731227921924858,0.20731227921924858
90145,SILVER HOOP EARRINGS WITH FLOWER,11,0.0,0.03408079695137769,0.03408079695137769
90119,METALIC LEAVES BAG CHARMS,16,0.0,0.036110449992924676,0.036110449992924676
90114,SUMMER DAISIES BAG CHARM,11,0.0,0.01657798816592001,0.01657798816592001
90099,NECKLACE+BRACELET SET BLUE HIBISCUS,13,0.0,0.012776765894292793,0.012776765894292793
20764,ABSTRACT CIRCLES SKETCHBOOK ,62,0.0,0.3544491076693954,0.3544491076693954
22281,EASTER TREE YELLOW BIRDS,44,0.0,0.10106417318539773,0.10106417318539773
22280,POCKET BAG PINK PAISELY BROWN SPOT,32,0.0,0.6268661439400696,0.6268661439400696
21187,WHITE BELL HONEYCOMB PAPER GARLAND ,35,0.0,0.604177948374174,0.604177948374174
20763,DAISY SKETCHBOOK ,25,0.0,0.08226292477517586,0.08226292477517586
21174,POTTERING IN THE SHED METAL SIGN,380,0.0,0.485583789519025,0.485583789519025
22786,CUSHION COVER PINK UNION JACK,37,0.0,0.5217900241701456,0.5217900241701456
17091J,VANILLA INCENSE IN TIN,91,0.0,0.2850399982590565,0.2850399982590565
17091A,LAVENDER INCENSE IN TIN,26,0.0,0.05917566023786236,0.05917566023786236
17090D,VANILLA INCENSE 40 CONES IN TIN,13,0.0,0.026320539478555373,0.026320539478555373
17090A,LAVENDER INCENSE 40 CONES IN TIN,10,0.0,0.10215318060509508,0.10215318060509508
17084R,ASSORTED INCENSE PACK,27,0.0,0.008022591269655585,0.008022591269655585
17084P,DRAGONS BLOOD INCENSE,13,0.0,0.0014774261749597234,0.0014774261749597234
17084N,FAIRY DREAMS INCENSE ,32,0.0,0.012635974912992206,0.012635974912992206
17013D,ORIGAMI ROSE INCENSE IN TUBE,11,0.0,0.5216285110549713,0.5216285110549713
17012F,ORIGAMI SANDLEWOOD INCENSE/CAND SET,42,0.0,0.11530462405783051,0.11530462405783051
17136A,BLUE STONES ON WIRE FOR CANDLE,20,0.0,0.011278971899910778,0.011278971899910778
17107D,"FLOWER FAIRY,5 SUMMER B'DRAW LINERS",47,0.0,0.023944575949237833,0.023944575949237833
21196,ROUND WHITE CONFETTI IN TUBE,10,0.0,0.06290981989086682,0.06290981989086682
21195,PINK  HONEYCOMB PAPER BALL ,24,0.0,0.5393631174578613,0.5393631174578613
21192,WHITE BELL HONEYCOMB PAPER ,43,0.0,0.4801033595019564,0.4801033595019564
21191,LARGE WHITE HONEYCOMB PAPER BELL  ,44,0.0,0.057322545345416136,0.057322545345416136
21189,WHITE HONEYCOMB PAPER GARLAND ,29,0.0,0.010076439775187138,0.010076439775187138
21188,3D HEARTS  HONEYCOMB PAPER GARLAND,34,0.0,0.0764893399208619,0.0764893399208619
22256,FELT FARM ANIMAL CHICKEN,39,0.0,0.011647799699699436,0.011647799699699436
22785,SQUARECUSHION COVER PINK UNION FLAG,54,0.0,0.21926430029009686,0.21926430029009686
22376,AIRLINE BAG VINTAGE JET SET WHITE,85,0.0,0.47971700575915655,0.47971700575915655
22375,AIRLINE BAG VINTAGE JET SET BROWN,99,0.0,0.3329789772983584,0.3329789772983584
22783,SET 3 WICKER OVAL BASKETS W LIDS,32,0.0,0.5583176750741825,0.5583176750741825
22288,HANGING METAL RABBIT DECORATION,44,0.0,0.016484765326284945,0.016484765326284945
22286,"DECORATION , WOBBLY RABBIT , METAL ",82,0.0,0.6101072781887874,0.6101072781887874
22285,"DECORATION HEN ON NEST, HANGING",94,0.0,0.05337656324072516,0.05337656324072516
35818P,"ACRYLIC JEWEL ICICLE, PINK",18,0.0,0.009809631600652033,0.009809631600652033
35810A,ENAMEL PINK COFFEE CONTAINER,54,0.0,0.5606282079992493,0.5606282079992493
35809A,ENAMEL PINK TEA CONTAINER,42,0.0,0.3630406474196197,0.3630406474196197
35637A,IVORY STRING CURTAIN WITH POLE ,24,0.0,0.10216704972397962,0.10216704972397962
35599D,PINK AND WHITE CHRISTMAS TREE 120CM,19,0.0,0.5223200372082771,0.5223200372082771
35599B,BLACK CHRISTMAS TREE 120CM,23,0.0,0.3585968330600261,0.3585968330600261
35598D,PINK/WHITE CHRISTMAS TREE 60CM,24,0.0,0.031592286271606124,0.031592286271606124
35598B,BLACK CHRISTMAS TREE 60CM,22,0.0,0.7715871274289119,0.7715871274289119
22782,SET 3 WICKER STORAGE BASKETS ,74,0.0,0.5870735336026431,0.5870735336026431
35095B,RED VICTORIAN FABRIC OVAL BOX,41,0.0,0.12929556183791244,0.12929556183791244
35095A,BLUE VICTORIAN FABRIC OVAL BOX,34,0.0,0.13781342711568237,0.13781342711568237
35004G,SET OF 3 GOLD FLYING DUCKS,20,0.0,0.23280024928993037,0.23280024928993037
35001G,HAND OPEN SHAPE GOLD,27,0.0,0.43142669872175193,0.43142669872175193
18098C,PORCELAIN BUTTERFLY OIL BURNER,38,0.0,0.4264377950156865,0.4264377950156865
18094C,WHITE AND BLUE CERAMIC OIL BURNER,15,0.0,0.23585183877722976,0.23585183877722976
17164B,ASS COL SMALL SAND GECKO P'WEIGHT,10,0.0,0.0041768268441946714,0.0041768268441946714
18007,ESSENTIAL BALM 3.5g TIN IN ENVELOPE,18,0.0,0.004516352101440294,0.004516352101440294
17096,ASSORTED LAQUERED INCENSE HOLDERS,13,0.0,0.014870582186200498,0.014870582186200498
46000R,POLYESTER FILLER PAD 45x30cm,37,0.0,0.014654968514014242,0.014654968514014242
37489D,PINK/GREEN FLOWER DESIGN BIG MUG,17,0.0,0.00525502514354581,0.00525502514354581
37489B,BLUE/YELLOW FLOWER DESIGN BIG MUG,12,0.0,0.0022326175958677537,0.0022326175958677537
37489A,YELLOW/PINK FLOWER DESIGN BIG MUG,15,0.0,0.005265757980650537,0.005265757980650537
37482P,CUBIC MUG PINK POLKADOT,37,0.0,0.15220152658915487,0.15220152658915487
37479P,CUBIC MUG FLOCK PINK ON BROWN,23,0.0,0.11928882979361465,0.11928882979361465
37479B,CUBIC MUG FLOCK BLUE ON BROWN,17,0.0,0.055391435014777765,0.055391435014777765
37444A,YELLOW BREAKFAST CUP AND SAUCER,16,0.0,0.504241737322001,0.504241737322001
35915B,BLUE KNITTED HEN ,14,0.0,0.05051161899699901,0.05051161899699901
35913B,WHITE/PINK CHICK EASTER DECORATION,10,0.0,0.00974304924077052,0.00974304924077052
35912B,WHITE/PINK CHICK DECORATION,18,0.0,0.5952317814063328,0.5952317814063328
35911A,MULTICOLOUR RABBIT EGG WARMER,25,0.0,0.5216646735007788,0.5216646735007788
35833P,4 PINK FLOCK CHRISTMAS BALLS,12,0.0,0.016104990076291948,0.016104990076291948
35819B,"ACRYLIC HANGING JEWEL,BLUE",27,0.0,0.016763760282404852,0.016763760282404852
46775D,SUNSET COLOUR CHUNKY KNITTED THROW,13,0.0,0.5426724450268848,0.5426724450268848
46000U,POLYESTER FILLER PAD 30CMx30CM,26,0.0,0.01398799340367029,0.01398799340367029
20668,DISCO BALL CHRISTMAS DECORATION,188,0.0,0.01196482539994313,0.01196482539994313
20665,RED RETROSPOT PURSE ,73,0.0,0.3378195642407547,0.3378195642407547
20659,ECONOMY LUGGAGE TAG,32,0.0,0.06573627857116286,0.06573627857116286
20658,RED RETROSPOT LUGGAGE TAG,62,0.0,0.019649016816230526,0.019649016816230526
20657,TROPICAL LUGGAGE TAG,22,0.0,0.4501351552370916,0.4501351552370916
20655,QUEEN OF SKIES LUGGAGE TAG,34,0.0,0.7715871274289119,0.7715871274289119
20654,FIRST CLASS LUGGAGE TAG ,24,0.0,0.1677259395806086,0.1677259395806086
20652,BLUE POLKADOT LUGGAGE TAG ,36,0.0,0.4658673493344455,0.4658673493344455
20622,VIPPASSPORT COVER ,33,0.0,0.21688661391924063,0.21688661391924063
20619,TROPICAL PASSPORT COVER ,22,0.0,0.5651808311633635,0.5651808311633635
20618,QUEEN OF THE SKIES PASSPORT COVER ,28,0.0,0.22630445028927898,0.22630445028927898
20617,FIRST CLASS PASSPORT COVER ,26,0.0,0.08003998348972234,0.08003998348972234
20616,CHERRY BLOSSOM PASSPORT COVER,25,0.0,0.5856996890841607,0.5856996890841607
20615,BLUE POLKADOT PASSPORT COVER,35,0.0,0.07394184757791088,0.07394184757791088
47585A,PINK FAIRY CAKE CUSHION COVER,27,0.0,0.04334039793455437,0.04334039793455437
47578A,ENGLISH ROSE SMALL SCENTED FLOWER,31,0.0,0.017464100822801153,0.017464100822801153
47574A,ENGLISH ROSE SCENTED HANGING FLOWER,52,0.0,0.09943976942267124,0.09943976942267124
47570B,TEA TIME TABLE CLOTH,26,0.0,0.6820535022782913,0.6820535022782913
47563A,RETRO LONGBOARD IRONING BOARD COVER,46,0.0,0.5856996890841607,0.5856996890841607
47518F,ICON PLACEMAT POP ART ELVIS,28,0.0,0.011278971899910778,0.011278971899910778
22773,GREEN DRAWER KNOB ACRYLIC EDWARDIAN,150,0.0,0.021250894557431132,0.021250894557431132
47504H,ENGLISH ROSE SPIRIT LEVEL ,92,0.0,0.5056893059487569,0.5056893059487569
47503H,ASS FLORAL PRINT SPIRIT LEVEL ,36,0.0,0.053478711046586046,0.053478711046586046
22758,LARGE PURPLE BABUSHKA NOTEBOOK  ,130,0.0,0.3377576001864894,0.3377576001864894
47367B,PAIR PADDED HANGERS PINK CHECK,11,0.0,0.1473326186275223,0.1473326186275223
47348A,FUSCHIA VOILE POINTY SHOE DEC,15,0.0,0.16631454069713783,0.16631454069713783
47343A,FUSCHIA FLOWER PURSE WITH BEADS,14,0.0,0.10473404423465199,0.10473404423465199
47341B,BLUE TABLE RUN FLOWER,11,0.0,0.01659154623335369,0.01659154623335369
47310M,"SMALL POP BOX,FUNKY MONKEY",48,0.0,0.7884999935455944,0.7884999935455944
47021G,SET/6 BEAD COASTERS GAUZE BAG GOLD,15,0.0,0.10726373560443841,0.10726373560443841
21157,RED RETROSPOT WASHBAG,15,0.0,0.026647965571265978,0.026647965571265978
21147,JINGLE BELLS TREE DECORATION,22,0.0,0.10870708685520887,0.10870708685520887
20780,BLACK EAR MUFF HEADPHONES,19,0.0,0.12486616902537255,0.12486616902537255
72351A,SET/6 TURQUOISE BUTTERFLY T-LIGHTS,139,0.0,0.06413363042948385,0.06413363042948385
72349B,SET/6 PURPLE BUTTERFLY T-LIGHTS,95,0.0,0.062048599306268215,0.062048599306268215
72225C,LAVENDER SCENT CAKE CANDLE,16,0.0,0.025006331889903574,0.025006331889903574
71406C,BLACK ORANGE SQUEEZER,21,0.0,0.010645384228015694,0.010645384228015694
71101E,STANDING FAIRY POLE SUPPORT ,23,0.0,0.48258385052629277,0.48258385052629277
62086A,PINK RETRO BIG FLOWER BAG,13,0.0,0.08171700155173653,0.08171700155173653
20777,CHRYSANTHEMUM NOTEBOOK,36,0.0,0.012816240973502273,0.012816240973502273
20775,DAISY NOTEBOOK ,22,0.0,0.007922623885590983,0.007922623885590983
20774,GREEN FERN NOTEBOOK,23,0.0,0.009053954320749392,0.009053954320749392
47593B,SCOTTIE DOGS BABY BIB,96,0.0,0.12126489159651023,0.12126489159651023
47593A,CAROUSEL PONIES BABY BIB,13,0.0,0.006467989277011668,0.006467989277011668
47591D,PINK FAIRY CAKE CHILDRENS APRON,401,0.0,0.45178414811282935,0.45178414811282935
47591B,SCOTTIES CHILDRENS APRON,10,0.0,0.020843155193282743,0.020843155193282743
72801C,4 ROSE PINK DINNER CANDLES,14,0.0,0.6076089768617442,0.6076089768617442
72800E,4 IVORY DINNER CANDLES SILVER FLOCK,102,0.0,0.4481859660828298,0.4481859660828298
72800D,4 BLUE DINNER CANDLES SILVER FLOCK,30,0.0,0.028895897585823626,0.028895897585823626
72800C,4 PINK DINNER CANDLE SILVER FLOCK,32,0.0,0.4657756362953036,0.4657756362953036
72800B, 4 PURPLE FLOCK DINNER CANDLES,39,0.0,0.3010951773387193,0.3010951773387193
72799F,IVORY PILLAR CANDLE GOLD FLOCK,22,0.0,0.31724281948797406,0.31724281948797406
72799E,IVORY PILLAR CANDLE SILVER FLOCK,50,0.0,0.5223200372082771,0.5223200372082771
72799C,PINK PILLAR CANDLE SILVER FLOCK,18,0.0,0.3146005947709556,0.3146005947709556
21171,BATHROOM METAL SIGN ,60,0.0,0.6680361792059943,0.6680361792059943
22044,CHRISTMAS CARD STACK OF PRESENTS,36,0.0,0.024170512618112424,0.024170512618112424
22043,CHRISTMAS CARD SCREEN PRINT ,43,0.0,0.029765773572104633,0.029765773572104633
21163,DO NOT TOUCH MY STUFF DOOR HANGER ,119,0.0,0.1066208099921808,0.1066208099921808
21162,TOXIC AREA  DOOR HANGER ,140,0.0,0.05758358070307457,0.05758358070307457
21161,KEEP OUT BOYS DOOR HANGER ,37,0.0,0.01642766684341013,0.01642766684341013
21159,MOODY BOY  DOOR HANGER ,109,0.0,0.0634406979708425,0.0634406979708425
22040,BOTANICAL ROSE GIFT WRAP,28,0.0,0.03808916846243479,0.03808916846243479
82011C,BATHROOM SCALES FOOTPRINTS IN SAND,20,0.0,0.10435587408806196,0.10435587408806196
82011B,BATHROOM SCALES RUBBER DUCKS,19,0.0,0.42491654283101216,0.42491654283101216
82011A,"BATHROOM SCALES, TROPICAL BEACH",10,0.0,0.07372796565867479,0.07372796565867479
81952V,ROUND PURPLE CLOCK WITH SUCKER,27,0.0,0.011278971899910778,0.011278971899910778
81950B,FLOWER BLUE CLOCK WITH SUCKER,10,0.0,0.01810758869502383,0.01810758869502383
79302M,"ART LIGHTS,FUNK MONKEY",48,0.0,0.37164781370107347,0.37164781370107347
79190D,RETRO PLASTIC DAISY TRAY,25,0.0,0.040283338711869544,0.040283338711869544
79144B,PAINTED LIGHTBULB STAR+ MOON,16,0.0,0.025195911824167524,0.025195911824167524
79071B,ENGLISH ROSE METAL WASTE BIN,11,0.0,0.03974296917835417,0.03974296917835417
79063D,"RETRO PILL BOX , REVOLUTIONARY",11,0.0,0.003697274453481223,0.003697274453481223
79063C,"RETRO PILL BOX KEY CHAIN,THE KING",14,0.0,0.0067026736681465434,0.0067026736681465434
79051A,SMOKEY GREY COLOUR D.O.F. GLASS,40,0.0,0.3050094045597426,0.3050094045597426
79030G,"TUMBLER, NEW ENGLAND",53,0.0,0.17922261162951775,0.17922261162951775
77101A,UNION FLAG WINDSOCK,21,0.0,0.6832023606677897,0.6832023606677897
72801G,4 BURGUNDY WINE DINNER CANDLES,12,0.0,0.014030898508803694,0.014030898508803694
72801D,4 SKY BLUE DINNER CANDLES,12,0.0,0.016554375009700077,0.016554375009700077
22346,PARTY PIZZA DISH GREEN POLKADOT,34,0.0,0.3970574033844181,0.3970574033844181
22344,PARTY PIZZA DISH PINK POLKADOT,47,0.0,0.1982473648675379,0.1982473648675379
22341,LOVE GARLAND PAINTED ZINC ,41,0.0,0.5386906174371607,0.5386906174371607
22337,ANGEL DECORATION PAINTED ZINC ,27,0.0,0.1072036849280391,0.1072036849280391
22336,DOVE DECORATION PAINTED ZINC ,53,0.0,0.22825385563067616,0.22825385563067616
22038,BOTANICAL LAVENDER GIFT WRAP ,19,0.0,0.017644935791900025,0.017644935791900025
22037,ROBOT BIRTHDAY CARD,262,0.0,0.27388440772138245,0.27388440772138245
22035,VINTAGE CARAVAN GREETING CARD ,88,0.0,0.380655836084019,0.380655836084019
22033,BOTANICAL ROSE GREETING CARD,21,0.0,0.009804955595965203,0.009804955595965203
21117,BLOND DOLL DOORSTOP,17,0.0,0.6183779760521212,0.6183779760521212
21116,OWL DOORSTOP,118,0.0,0.49302574910720676,0.49302574910720676
21115,ROSE CARAVAN DOORSTOP,133,0.0,0.37059179823637656,0.37059179823637656
84031B,CHARLIE LOLA BLUE HOT WATER BOTTLE ,38,0.0,0.32557375303447594,0.32557375303447594
84031A,CHARLIE+LOLA RED HOT WATER BOTTLE ,50,0.0,0.3194746605865806,0.3194746605865806
22032,BOTANICAL LILY GREETING CARD,31,0.0,0.021520427264308493,0.021520427264308493
82613A,"METAL SIGN,CUPCAKE SINGLE HOOK",15,0.0,0.03372915343945545,0.03372915343945545
84247G,"DECOUPAGE,GREETING CARD,",23,0.0,0.02471531312505288,0.02471531312505288
84086C,PINK/PURPLE RETRO RADIO,21,0.0,0.07402819505471428,0.07402819505471428
22030,SWALLOWS GREETING CARD,245,0.0,0.14903670802603133,0.14903670802603133
21132,SILVER STANDING GNOME   ,16,0.0,0.48969294326664453,0.48969294326664453
21131,GOLD STANDING GNOME,17,0.0,0.7279345582594715,0.7279345582594715
21129,SILVER FISHING GNOME ,20,0.0,0.024713683051882217,0.024713683051882217
21128,GOLD FISHING GNOME,16,0.0,0.10522202780797031,0.10522202780797031
21126,SET OF 6 GIRLS CELEBRATION CANDLES,69,0.0,0.029290228044269295,0.029290228044269295
22279,POCKET BAG BLUE PAISLEY RED SPOT,51,0.0,0.7764804978065933,0.7764804978065933
22277,COSMETIC BAG VINTAGE ROSE PAISLEY,63,0.0,0.46006276791126216,0.46006276791126216
20773,BLUE PAISLEY NOTEBOOK,24,0.0,0.012274854400705642,0.012274854400705642
22272,FELTCRAFT DOLL MARIA,47,0.0,0.2402801449867639,0.2402801449867639
22354,RETROSPOT PADDED SEAT CUSHION,65,0.0,0.7408767153135623,0.7408767153135623
22353,LUNCH BOX WITH CUTLERY FAIRY CAKES ,25,0.0,0.08456834742472948,0.08456834742472948
20771,CHRYSANTHEMUM  JOURNAL,28,0.0,0.3616829649415165,0.3616829649415165
22819,"BIRTHDAY CARD, RETRO SPOT",126,0.0,0.21834804298269478,0.21834804298269478
84510C,SET OF 4 POLKADOT COASTERS,34,0.0,0.6338392105661216,0.6338392105661216
22817,CARD SUKI BIRTHDAY,126,0.0,0.2505700041065403,0.2505700041065403
84509G,SET OF 4 FAIRY CAKE PLACEMATS ,46,0.0,0.5263911120243062,0.5263911120243062
84509C,SET OF 4 POLKADOT PLACEMATS ,24,0.0,0.18859859213343017,0.18859859213343017
84509B,SET OF 4 FAIRY CAKE PLACEMATS,49,0.0,0.04830720056449184,0.04830720056449184
84508C,BLUE CIRCLES DESIGN TEDDY,21,0.0,0.07059488909036046,0.07059488909036046
84508B,STRIPES DESIGN TEDDY,31,0.0,0.04735604376815046,0.04735604376815046
84507B,STRIPES DESIGN MONKEY DOLL,14,0.0,0.04797413705616634,0.04797413705616634
84459B,YELLOW METAL CHICKEN HEART ,61,0.0,0.20428461986791888,0.20428461986791888
84429A,MEDIUM PINK BUDDHA HEAD ,15,0.0,0.009821893111401447,0.009821893111401447
84341B,SMALL PINK MAGIC CHRISTMAS TREE,34,0.0,0.15321161985023585,0.15321161985023585
84313C,ORANGE TV TRAY TABLE ,24,0.0,0.3084951083619888,0.3084951083619888
84313B,BLUE TV TRAY TABLE ,13,0.0,0.270168498126868,0.270168498126868
84251G,"GREETING CARD, OVERCROWDED POOL.",15,0.0,0.01581924346780737,0.01581924346780737
84249A,"GREETING CARD,SQUARE, DOUGHNUTS",13,0.0,0.1581378307559553,0.1581378307559553
84247N,PACK/12 BLUE FOLKART CARDS,18,0.0,0.0018603484874634407,0.0018603484874634407
22816,CARD MOTORBIKE SANTA,180,0.0,0.138540382020346,0.138540382020346
84569D,PACK 6 HEART/ICE-CREAM PATCHES,35,0.0,0.7077653444677914,0.7077653444677914
84569B,PACK 3 FIRE ENGINE/CAR PATCHES,12,0.0,0.030790186225883056,0.030790186225883056
84569A,PACK 3 IRON ON DOG PATCHES,26,0.0,0.5164349257647447,0.5164349257647447
84563B,BLUE & WHITE BREAKFAST TRAY,24,0.0,0.4447472032333615,0.4447472032333615
84563A,PINK & WHITE BREAKFAST TRAY,14,0.0,0.6197657551477584,0.6197657551477584
84559B,3D SHEET OF CAT STICKERS,44,0.0,0.01107870120115041,0.01107870120115041
84559A,3D SHEET OF DOG STICKERS,42,0.0,0.06779237686687073,0.06779237686687073
84558A,3D DOG PICTURE PLAYING CARDS,64,0.0,0.015457602679421274,0.015457602679421274
22815,CARD PSYCHEDELIC APPLES,114,0.0,0.2413162042262303,0.2413162042262303
84535A,ENGLISH ROSE NOTEBOOK A6 SIZE,20,0.0,0.05575739453029326,0.05575739453029326
84531B,BLUE KNITTED EGG COSY,26,0.0,0.12845513837130498,0.12845513837130498
84531A,PINK KNITTED EGG COSY,26,0.0,0.19688928960021804,0.19688928960021804
84520B,PACK 20 ENGLISH ROSE PAPER NAPKINS,55,0.0,0.48258385052629277,0.48258385052629277
84519B,CARROT CHARLIE+LOLA COASTER SET,93,0.0,0.621709298699539,0.621709298699539
84519A,TOMATO CHARLIE+LOLA COASTER SET,61,0.0,0.44267343402277115,0.44267343402277115
84709B,PINK OVAL JEWELLED MIRROR,11,0.0,0.015564736137902258,0.015564736137902258
84708B,PINK JEWELLED PHOTO FRAME ,14,0.0,0.609213412518382,0.609213412518382
84707B,PINK JEWELLED MIRROR TRINKET TRAY,13,0.0,0.5147449596231337,0.5147449596231337
84707A,SILVER JEWELLED MIRROR TRINKET TRAY,25,0.0,0.6617121983820045,0.6617121983820045
84706F,RED PEONY TABLE CLOCK,10,0.0,0.07402819505471428,0.07402819505471428
84673B,BLUE FLY SWAT,42,0.0,0.14214797173699972,0.14214797173699972
84673A,PINK FLY SWAT,26,0.0,0.02002638454420982,0.02002638454420982
84661B,BLACK SQUARE TABLE CLOCK,12,0.0,0.5313677788314319,0.5313677788314319
84661A,WHITE SQUARE TABLE CLOCK,11,0.0,0.467093808584349,0.467093808584349
84660C,PINK STITCHED WALL CLOCK,27,0.0,0.4595877964471881,0.4595877964471881
84660B,BLACK STITCHED WALL CLOCK,30,0.0,0.8054480329105859,0.8054480329105859
84597C,RETRO PINK BALL ASHTRAY ,13,0.0,0.01172362239315392,0.01172362239315392
84596L,BISCUITS SMALL BOWL LIGHT BLUE,80,0.0,0.18136540159318446,0.18136540159318446
84596J,MIXED NUTS LIGHT GREEN BOWL,27,0.0,0.34867563165104704,0.34867563165104704
84596G,SMALL CHOCOLATES PINK BOWL,162,0.0,0.18136540159318446,0.18136540159318446
84596E,SMALL LICORICE DES PINK BOWL,36,0.0,0.11208904476939367,0.11208904476939367
84870B,BLUE GEISHA GIRL ,10,0.0,0.008653462706577582,0.008653462706577582
84859C,PINK DISCO HANDBAG,21,0.0,0.3010951773387193,0.3010951773387193
84859B,BLUE DISCO HANDBAG,11,0.0,0.08212446706400307,0.08212446706400307
84859A,SILVER DISCO HANDBAG,31,0.0,0.07912704403058439,0.07912704403058439
84849D,HOT BATHS SOAP HOLDER,103,0.0,0.019062431382353914,0.019062431382353914
84849B,FAIRY SOAP SOAP HOLDER,57,0.0,0.019062431382353914,0.019062431382353914
84849A,HELLO SAILOR BLUE SOAP HOLDER,31,0.0,0.030295177580103576,0.030295177580103576
84846A,SCENTED CANDLE IN DIGITALIS TIN,11,0.0,0.0023930433794071134,0.0023930433794071134
84806B,WHITE CANDYSTUFT ARTIFICIAL FLOWER,19,0.0,0.7963697717089089,0.7963697717089089
84806A,PINK CANDYSTUFT ARTIFICIAL FLOWER,11,0.0,0.6071175727986113,0.6071175727986113
84800M,MEDIUM WHITE/PINK ROSE ART FLOWER,11,0.0,0.3815116819953945,0.3815116819953945
84796B,BLUE SAVANNAH PICNIC HAMPER FOR 2,17,0.0,0.316206498685748,0.316206498685748
84796A,PINK HAWAIIAN PICNIC HAMPER FOR 2,10,0.0,0.031394336162567864,0.031394336162567864
84795B,SUNSET CHECK HAMMOCK,40,0.0,0.4114936658303167,0.4114936658303167
84741C,CITRUS GARLAND FELT FLOWERS ,14,0.0,0.04596811454432271,0.04596811454432271
84712B,PINK JEWELLED PHOTO FRAME,11,0.0,0.13850252148030498,0.13850252148030498
21106,CREAM SLICE FLANNEL CHOCOLATE SPOT ,35,0.0,0.057441609866300425,0.057441609866300425
21096,SET/6 FRUIT SALAD  PAPER PLATES,70,0.0,0.2618682018019776,0.2618682018019776
21094,SET/6 RED SPOTTY PAPER PLATES,328,0.0,0.25580374111341786,0.25580374111341786
21089,SET/6 GREEN SPRING PAPER CUPS,24,0.0,0.010582251224461863,0.010582251224461863
21087,SET/6 POSIES PAPER CUPS,10,0.0,0.2238296589763058,0.2238296589763058
21086,SET/6 RED SPOTTY PAPER CUPS,296,0.0,0.25038001010024225,0.25038001010024225
84913B,MINT GREEN ROSE TOWEL,20,0.0,0.3767594007953303,0.3767594007953303
84913A,SOFT PINK ROSE TOWEL ,10,0.0,0.3426938177065509,0.3426938177065509
84912B,GREEN ROSE WASHBAG,49,0.0,0.03244014604801654,0.03244014604801654
84912A,PINK ROSE WASHBAG,38,0.0,0.02729626329917913,0.02729626329917913
84898F,YELLOW FLOWERS FELT HANDBAG KIT,18,0.0,0.0717110473133051,0.0717110473133051
84877D,BLUE ROUND COMPACT MIRROR,12,0.0,0.639172545678498,0.639172545678498
84876D,BLUE HEART COMPACT MIRROR,13,0.0,0.5129685235693304,0.5129685235693304
84876B,GREEN HEART COMPACT MIRROR,23,0.0,0.030790186225883056,0.030790186225883056
84875B,GREEN SQUARE COMPACT MIRROR,15,0.0,0.716005490645118,0.716005490645118
84870C,GREEN GEISHA GIRL ,10,0.0,0.017677893545763552,0.017677893545763552
22814,CARD PARTY GAMES ,96,0.0,0.218640263171866,0.218640263171866
22289,HANGING METAL CHICKEN DECORATION,22,0.0,0.009822232607903745,0.009822232607903745
84951B,SET OF 4 BLACK LOVEBIRD COASTERS,32,0.0,0.6132874458010802,0.6132874458010802
84931A,PINK SCOTTIE DOG W FLOWER PATTERN,23,0.0,0.13214137546029203,0.13214137546029203
84926F,PSYCHEDELIC TILE COASTER,23,0.0,0.3219301445070449,0.3219301445070449
84926E,FLOWERS TILE COASTER,38,0.0,0.4103722397944695,0.4103722397944695
84926D,LA PALMIERA TILE COASTER,32,0.0,0.11659462767148616,0.11659462767148616
84926A,WAKE UP COCKEREL TILE COASTER,31,0.0,0.33941795940041297,0.33941795940041297
84925F,PSYCHEDELIC WALL THERMOMETER,15,0.0,0.5437925918672626,0.5437925918672626
84925D,LA PALMIERA WALL THERMOMETER,10,0.0,0.012078104978330007,0.012078104978330007
84924A,WAKE UP COCKEREL CALENDAR SIGN ,24,0.0,0.4472535169633512,0.4472535169633512
22813,PACK 3 BOXES BIRD PANNETONE ,154,0.0,0.5894386350402941,0.5894386350402941
21112,"SWISS ROLL TOWEL, PINK  SPOTS",46,0.0,0.3689509983581945,0.3689509983581945
21111,"SWISS ROLL TOWEL, CHOCOLATE  SPOTS",52,0.0,0.4538750411412529,0.4538750411412529
21109,"LARGE CAKE TOWEL, CHOCOLATE SPOTS",73,0.0,0.06032941842206446,0.06032941842206446
21107,CREAM SLICE FLANNEL PINK SPOT ,66,0.0,0.5235069365831868,0.5235069365831868
84993B,75 BLACK PETIT FOUR CASES,17,0.0,0.007386763341355355,0.007386763341355355
84993A,75 GREEN PETIT FOUR CASES,33,0.0,0.011518350434255498,0.011518350434255498
84989A,75 GREEN FAIRY CAKE CASES,18,0.0,0.010100064424350935,0.010100064424350935
22811,SET OF 6 T-LIGHTS CACTI ,56,0.0,0.550726605134546,0.550726605134546
84968F,SET OF 16 VINTAGE SKY BLUE CUTLERY,30,0.0,0.615807671455856,0.615807671455856
84968E,SET OF 16 VINTAGE BLACK CUTLERY,22,0.0,0.4997133423254674,0.4997133423254674
84952C,MIRROR LOVE BIRD T-LIGHT HOLDER,10,0.0,0.44449424284245187,0.44449424284245187
22335,HEART DECORATION PAINTED ZINC ,133,0.0,0.053827732589596104,0.053827732589596104
22334,DINOSAUR PARTY BAG + STICKER SET,92,0.0,0.4558078381857811,0.4558078381857811
22331,WOODLAND PARTY BAG + STICKER SET,143,0.0,0.5086303903633689,0.5086303903633689
22324,BLUE POLKADOT KIDS BAG,30,0.0,0.42891029952676185,0.42891029952676185
22304,COFFEE MUG BLUE PAISLEY DESIGN,48,0.0,0.26782502287033827,0.26782502287033827
22297,HEART IVORY TRELLIS SMALL,232,0.0,0.7907256227709298,0.7907256227709298
22295,HEART FILIGREE DOVE LARGE,221,0.0,0.2657998164357396,0.2657998164357396
22293,HANGING CHICK GREEN DECORATION,89,0.0,0.006155298577086544,0.006155298577086544
22292,HANGING CHICK  YELLOW DECORATION,95,0.0,0.6844439737722001,0.6844439737722001
21060,PARTY INVITES BALLOON GIRL,53,0.0,0.01363063306127102,0.01363063306127102
85034B,3 WHITE CHOC MORRIS BOXED CANDLES,94,0.0,0.2399488621116148,0.2399488621116148
85032D,YULETIDE IMAGES GIFT WRAP SET,59,0.0,0.1595708931405246,0.1595708931405246
22807,SET OF 6 T-LIGHTS TOADSTOOLS,111,0.0,0.502579365235724,0.502579365235724
85032B,BLOSSOM IMAGES GIFT WRAP SET,94,0.0,0.12245957319950496,0.12245957319950496
85032A,ROMANTIC IMAGES GIFT WRAP SET,97,0.0,0.09654545763981977,0.09654545763981977
85025C,PINK HEART SHAPE PHOTO FRAME,30,0.0,0.5215830449718226,0.5215830449718226
85025B,EAU DE NILE HEART SHAPE PHOTO FRAME,22,0.0,0.5306838947814883,0.5306838947814883
85024B,EAU DE NILE JEWELLED PHOTOFRAME,12,0.0,0.7821837183324635,0.7821837183324635
85019B,BLOSSOM  IMAGES NOTEBOOK SET,25,0.0,0.8200099830719821,0.8200099830719821
85019A,ROMANTIC IMAGES NOTEBOOK SET,28,0.0,0.6168128652071124,0.6168128652071124
85017C,ENVELOPE 50 CURIOUS IMAGES,12,0.0,0.06660487235293326,0.06660487235293326
22806,SET OF 6 T-LIGHTS WEDDING CAKE ,28,0.0,0.5254280659939021,0.5254280659939021
85014A,BLACK/BLUE POLKADOT UMBRELLA,257,0.0,0.21720538592073008,0.21720538592073008
22803,IVORY EMBROIDERED QUILT ,25,0.0,0.4818517554593441,0.4818517554593441
22802,FAUX FUR CHOCOLATE THROW,35,0.0,0.42715077773277665,0.42715077773277665
85049B,LUSH GREENS RIBBONS,13,0.0,0.009758585752259503,0.009758585752259503
22799,SWEETHEART WIRE FRUIT BOWL,80,0.0,0.25236708958436516,0.25236708958436516
85039C,S/4 BLACK MINI ROSE CANDLE IN BOWL,12,0.0,0.6708679162540561,0.6708679162540561
85039B,S/4 IVORY MINI ROSE CANDLE IN BOWL,52,0.0,0.3815116819953945,0.3815116819953945
85039A,SET/4 RED MINI ROSE CANDLE IN BOWL,42,0.0,0.39625710178699725,0.39625710178699725
85035C,ROSE 3 WICK MORRIS BOX CANDLE,114,0.0,0.20962819175810135,0.20962819175810135
85035B,CHOCOLATE 3 WICK MORRIS BOX CANDLE,44,0.0,0.26782502287033827,0.26782502287033827
21988,PACK OF 6 SKULL PAPER PLATES,149,0.0,0.49157473777871824,0.49157473777871824
21078,SET/20 STRAWBERRY PAPER NAPKINS ,205,0.0,0.2944228452044954,0.2944228452044954
21070,VINTAGE BILLBOARD MUG ,79,0.0,0.5473829114213433,0.5473829114213433
21066,VINTAGE RED MUG,42,0.0,0.19351943212480444,0.19351943212480444
21065,BOOM BOX SPEAKER GIRLS,44,0.0,0.4869391214794105,0.4869391214794105
21064,BOOM BOX SPEAKER BOYS,60,0.0,0.21480203969674327,0.21480203969674327
21063,PARTY INVITES JAZZ HEARTS,81,0.0,0.17221214832658294,0.17221214832658294
21062,PARTY INVITES SPACEMAN,62,0.0,0.01787562882426305,0.01787562882426305
21061,PARTY INVITES FOOTBALL,52,0.0,0.019339195182554537,0.019339195182554537
21986,PACK OF 12 PINK POLKADOT TISSUES,157,0.0,0.3201012888783583,0.3201012888783583
21032,SPACE CADET WHITE,16,0.0,0.09335202283591099,0.09335202283591099
21031,SPACE CADET BLACK,11,0.0,0.07049984929245402,0.07049984929245402
21030,SPACE CADET RED,23,0.0,0.5276663860045138,0.5276663860045138
85114C,RED ENCHANTED FOREST PLACEMAT,63,0.0,0.5974679518729444,0.5974679518729444
85114A,BLACK ENCHANTED FOREST PLACEMAT,42,0.0,0.5104228672241046,0.5104228672241046
85071D,CHARLIE+LOLA MY ROOM DOOR SIGN,66,0.0,0.11564454453264168,0.11564454453264168
85071C,"CHARLIE+LOLA""EXTREMELY BUSY"" SIGN",73,0.0,0.07724177010347885,0.07724177010347885
21985,PACK OF 12 HEARTS DESIGN TISSUES ,361,0.0,0.2513131188649264,0.2513131188649264
22831,WHITE BROCANTE SOAP DISH,106,0.0,0.23496461775889974,0.23496461775889974
85049H,URBAN BLACK RIBBONS ,77,0.0,0.3501873879569807,0.3501873879569807
22823,CHEST NATURAL WOOD 20 DRAWERS,13,0.0,0.4191437188931037,0.4191437188931037
85049F,BABY BOOM RIBBONS ,88,0.0,0.01858163966056655,0.01858163966056655
22820,GIFT BAG BIRTHDAY,46,0.0,0.18711894241131669,0.18711894241131669
85049D,BRIGHT BLUES RIBBONS ,106,0.0,0.01807028522063165,0.01807028522063165
85049C,ROMANTIC PINKS RIBBONS ,212,0.0,0.6474665912268114,0.6474665912268114
85132B,CHARLIE AND LOLA TABLE TINS,60,0.0,0.23935180535372594,0.23935180535372594
85131D,BEADED CRYSTAL HEART PINK ON STICK,12,0.0,0.05107956198268822,0.05107956198268822
85131C,BEADED CRYSTAL HEART BLUE ON STICK,11,0.0,0.009075367941432004,0.009075367941432004
85131B,BEADED CRYSTAL HEART GREEN ON STICK,13,0.0,0.008942963235892118,0.008942963235892118
85130D,BEADED CRYSTAL HEART PINK LARGE,52,0.0,0.3435399275764682,0.3435399275764682
85130C,BEADED CRYSTAL HEART BLUE  LARGE,45,0.0,0.27845538404454834,0.27845538404454834
85130B,BEADED CRYSTAL HEART GREEN LARGE,50,0.0,0.46406028623292667,0.46406028623292667
85130A,BEADED PEARL HEART WHITE LARGE,10,0.0,0.013259615563607531,0.013259615563607531
85129D,BEADED CRYSTAL HEART PINK SMALL,35,0.0,0.5974679518729444,0.5974679518729444
85129C,BEADED CRYSTAL HEART BLUE SMALL,12,0.0,0.44384468083346,0.44384468083346
85129B,BEADED CRYSTAL HEART GREEN SMALL,16,0.0,0.7248280593272364,0.7248280593272364
85124C,GREEN JUICY FRUIT PHOTO FRAME,31,0.0,0.011650198406652275,0.011650198406652275
22735,RIBBON REEL SOCKS AND MITTENS,89,0.0,0.3463521658397064,0.3463521658397064
21054,NURSE'S BAG SOFT TOY,27,0.0,0.25619193076299285,0.25619193076299285
21051,RIBBONS PURSE ,24,0.0,0.023732476051949853,0.023732476051949853
21043,APRON MODERN VINTAGE COTTON,58,0.0,0.45595062435542566,0.45595062435542566
90161C,ANT COPPER LIME BOUDICCA BRACELET,15,0.0,0.1168391835472705,0.1168391835472705
90161B,ANT COPPER TURQ BOUDICCA BRACELET,12,0.0,0.09329818058669358,0.09329818058669358
90160C,TURQ+RED BOUDICCA LARGE BRACELET,16,0.0,0.1186881558019445,0.1186881558019445
90082B,DIAMANTE BOW BROOCH RED COLOUR,12,0.0,0.02633623968008105,0.02633623968008105
90082A,DIAMANTE BOW BROOCH GREEN COLOUR,10,0.0,0.027848455829411877,0.027848455829411877
85179A,GREEN BITTY LIGHT CHAIN,17,0.0,0.0802389845320525,0.0802389845320525
85170C,SET/6 EAU DE NIL BIRD T-LIGHTS,29,0.0,0.3484854038708142,0.3484854038708142
85170B,SET/6 BLACK BIRD T-LIGHT CANDLES,23,0.0,0.34866505739814474,0.34866505739814474
85169D,PINK LOVE BIRD CANDLE,22,0.0,0.5768709088461147,0.5768709088461147
85169C,EAU DE NIL LOVE BIRD CANDLE,21,0.0,0.5530702674879913,0.5530702674879913
85169B,BLACK LOVE BIRD CANDLE,25,0.0,0.47201269971369075,0.47201269971369075
85169A,IVORY LOVE BIRD CANDLE,49,0.0,0.5876641768818511,0.5876641768818511
85163B,BLACK BAROQUE WALL CLOCK ,14,0.0,0.5255453124505283,0.5255453124505283
85163A,WHITE BAROQUE WALL CLOCK ,18,0.0,0.3164578913284759,0.3164578913284759
85136C,RED SHARK HELICOPTER,25,0.0,0.0656302548503044,0.0656302548503044
85136A,YELLOW SHARK HELICOPTER,39,0.0,0.05255736678487477,0.05255736678487477
22742,MAKE YOUR OWN PLAYTIME CARD KIT,91,0.0,0.5223200372082771,0.5223200372082771
90198B,VINTAGE ROSE BEAD BRACELET BLACK,11,0.0,0.03204457100217095,0.03204457100217095
90198A,VINTAGE ROSE BEAD BRACELET RASPBERR,10,0.0,0.05850299132635451,0.05850299132635451
90184B,AMETHYST CHUNKY BEAD BRACELET W STR,11,0.0,0.14559900980255092,0.14559900980255092
16238,PARTY TIME PENCIL ERASERS,80,0.0,0.015923340852582627,0.015923340852582627
22733,3D TRADITIONAL CHRISTMAS STICKERS,144,0.0,0.6469982783741008,0.6469982783741008
16236,KITTY PENCIL ERASERS,73,0.0,0.011889552703711422,0.011889552703711422
10080,GROOVY CACTUS INFLATABLE,21,0.0,0.17999136665901416,0.17999136665901416
16225,RATTLE SNAKE EGGS,77,0.0,0.537453296509197,0.537453296509197
90214A,"LETTER ""A"" BLING KEY RING",14,0.0,0.7319357000894927,0.7319357000894927
90209B,GREEN ENAMEL+GLASS HAIR COMB,13,0.0,0.2311510306139936,0.2311510306139936
90200E,GREEN SWEETHEART BRACELET,18,0.0,0.5050230865392509,0.5050230865392509
90200D,PINK SWEETHEART BRACELET,25,0.0,0.4643557198985152,0.4643557198985152
90200A,PURPLE SWEETHEART BRACELET,16,0.0,0.017847646347049072,0.017847646347049072
85230E,STRAWBRY SCENTED VOTIVE CANDLE,24,0.0,0.014087822852034065,0.014087822852034065
90214K,"LETTER ""K"" BLING KEY RING",12,0.0,0.7004163915581273,0.7004163915581273
85230A,OPIUM SCENTED VOTIVE CANDLE,18,0.0,0.0335744267089906,0.0335744267089906
22740,POLKADOT PEN,107,0.0,0.47346421463763205,0.47346421463763205
16218,CARTOON  PENCIL SHARPENERS,50,0.0,0.013834963794404726,0.013834963794404726
16216,LETTER SHAPE PENCIL SHARPENER,41,0.0,0.007397152923975864,0.007397152923975864
16048,TEATIME ROUND PENCIL SHARPENER ,49,0.0,0.010365634258869365,0.010365634258869365
16046,TEATIME PEN CASE & PENS,16,0.0,0.0019411687410070648,0.0019411687410070648
16045,POPART WOODEN PENCILS ASST,69,0.0,0.008127224365935165,0.008127224365935165
22732,3D VINTAGE CHRISTMAS STICKERS ,127,0.0,0.6469982783741008,0.6469982783741008
85230F,JASMINE VOTIVE CANDLE,12,0.0,0.032455662399514966,0.032455662399514966
21028,NINJA RABBIT BLACK,21,0.0,0.20979781667993178,0.20979781667993178
21027,NINJA RABBIT PINK,19,0.0,0.05325067118515351,0.05325067118515351
21026,SPACE OWL,25,0.0,0.38579020784648144,0.38579020784648144
21025,SPACE FROG,16,0.0,0.20572540834231673,0.20572540834231673
DOT,DOTCOM POSTAGE,16,0.0,0.01754244737953712,0.01754244737953712
BANK CHARGES,Bank Charges,12,0.0,0.6792566367758723,0.6792566367758723
10120,DOGGY RUBBER,30,0.0,0.01596492969212977,0.01596492969212977
